Deal_Id,ProviderDeal_ID,Full_Title,Short_Title,Full_Desc,Short_Desc,all_details,Outlets,PostalCodes,DealSite_URL,DealImage_URL,HighlightImage_URL,Start_Date,End_Date,Merchant_ID,ProviderMerchant_ID,Merchant_Name,Merchant_Image_URL,MerchantWebsite_URL,Card_Type,Terms_and_Conditions,CardImages_URL,isFeatured,homeFeatured,isOnlineMerchant,category,subCategory,keywords,bookmark
211_1,211,Asia Fashion Inc,Asia Fashion Inc,10% off regular-priced and sale items with a minimum spend of S$100,10% off regular-priced and sale items with a minimum spend of S$100,0,Not available,0,http://www.cimbbank.com.sg/promo/onlinemerchantdeals/,http://www.cimbbank.com.sg/promo/onlinemerchantdeals/img/logos/asianfashion.jpg,0,0,2015-12-31 T23:59:59,CIMB_1,211_CIMB_1,Asia Fashion Inc,0,0,All,"Note To enjoy the offer, please enter the promo code âCIMBSPECIALâ at the checkout page.",0,0,0,0,Online,0,0,0
211_2,211,iMyBags.com,iMyBags.com,10% off iMyBags price,10% off iMyBags price,0,Not available,0,http://www.cimbbank.com.sg/promo/onlinemerchantdeals/,http://www.cimbbank.com.sg/promo/onlinemerchantdeals/img/logos/imybags.jpg,0,0,2015-12-31 T23:59:59,CIMB_2,211_CIMB_2,iMyBags.com,0,0,All,"Note To enjoy the offer, please enter the promo code '10CIMB' at the checkout page. Offer is not applicable on the following brands: Chanel, LV, Dior and Hermes collections.",0,0,0,0,Online,0,0,0
211_3,211,pediped ® Footwear,pediped ® Footwear,10% off regular-priced items,10% off regular-priced items,0,Not available,0,http://www.cimbbank.com.sg/promo/onlinemerchantdeals/,http://www.cimbbank.com.sg/promo/onlinemerchantdeals/img/logos/pediped.jpg,0,0,2015-12-31 T23:59:59,CIMB_3,211_CIMB_3,pediped ® Footwear,0,0,All,"Note To enjoy the offer, please enter the promo code âCIMBXPEDI10â when prompted at the checkout page. Promo code may not be used in conjunction with other promotions.",0,0,0,0,Online,0,0,0
211_4,211,FOXYSALES,FOXYSALES,"Additional 10% off storewide with a minimum spend of S$100 Additional 5% off storewide with a minimum spend of S$50 Complimentary ""Super Mum on board"" car decal with any purchase","Additional 10% off storewide with a minimum spend of S$100 Additional 5% off storewide with a minimum spend of S$50 Complimentary ""Super Mum on board"" car decal with any purchase",0,Not available,0,http://www.cimbbank.com.sg/promo/onlinemerchantdeals/,http://www.cimbbank.com.sg/promo/onlinemerchantdeals/img/logos/foxysales.jpg,0,0,2015-12-31 T23:59:59,CIMB_4,211_CIMB_4,FOXYSALES,0,0,All,"Note To enjoy the offer, key in '10CIMB' or '5CIMB' followed by first 6 digits of CIMB Credit Card number at the checkout page. Not valid on diapers. Valid for first-time customers only.",0,0,0,0,Online,0,0,0
211_5,211,Orderonline.sg,Orderonline.sg,10% off storewide with complimentary delivery with a minimum spend of S$50,10% off storewide with complimentary delivery with a minimum spend of S$50,0,Not available,0,http://www.cimbbank.com.sg/promo/onlinemerchantdeals/,http://www.cimbbank.com.sg/promo/onlinemerchantdeals/img/logos/orderonline.jpg,0,0,2015-12-31 T23:59:59,CIMB_5,211_CIMB_5,Orderonline.sg,0,0,All,"Note To enjoy the offer, key in 'CIMBONLINE' at the checkout page. Payment must be made with a CIMB Credit Card.",0,0,0,0,Online,0,0,0
211_6,211,Hazel Florist & Gifts,Hazel Florist & Gifts,10% off with a minimum spend of S$55 in a single transaction,10% off with a minimum spend of S$55 in a single transaction,0,Not available,0,http://www.cimbbank.com.sg/promo/onlinemerchantdeals/,http://www.cimbbank.com.sg/promo/onlinemerchantdeals/img/logos/hazelflorist.jpg,0,0,2015-12-31 T23:59:59,CIMB_6,211_CIMB_6,Hazel Florist & Gifts,0,0,All,"Note Not valid during Valentineâs Day and special occasions. To enjoy the offer, visit www.hazel.com.sg for online orders and enter 'CIMB46787' when prompted at checkout page.",0,0,0,0,Online,0,0,0
211_7,211,Uclick2buy.com,Uclick2buy.com,15% off shipping rates for USA and China websites,15% off shipping rates for USA and China websites,0,Not available,0,http://www.cimbbank.com.sg/promo/onlinemerchantdeals/,http://www.cimbbank.com.sg/promo/onlinemerchantdeals/img/logos/uclick2buy.jpg,0,0,2015-12-31 T23:59:59,CIMB_7,211_CIMB_7,Uclick2buy.com,0,0,All,"Note To enjoy the offer, please enter promo code 'UCCIMB15' when prompted at the checkout page.",0,0,0,0,Online,0,0,0
211_8,211,vsHUB,vsHUB,15% off vsHUB shipping fees^ 5% off total bill for vsHUB e-store purchases*,15% off vsHUB shipping fees^ 5% off total bill for vsHUB e-store purchases*,0,Not available,0,http://www.cimbbank.com.sg/promo/onlinemerchantdeals/,http://www.cimbbank.com.sg/promo/onlinemerchantdeals/img/logos/vshub.jpg,0,0,2015-12-31 T23:59:59,CIMB_8,211_CIMB_8,vsHUB,0,0,All,"Note ^For vsHUB shipping: 15% off is applicable to shipping fees from USA directly to Singapore only. To enjoy the offer, please enter the promo code 'CIMBVSHUBSHIP' followed by the first 6 digits of your CIMB Credit Card number when you choose to ship your purchases back and pay for shipping. To use vsHUBâs shipping service, please visit www.vshub.com/quick-guide/#mailbox. Not applicable for shipping charges within the USA. Surcharges and taxes are payable by customers. Valid for one consolidated shipment invoice per customer. Not valid for customers who have outstanding payments in arrears at the point of redemption. *For vsHUB e-Store: 5% off exclude Sale category items. To enjoy the offer, please visit www.vshub.com/store and enter 'CIMBVSHUBSTORE' followed by the first 6 digits of your CIMB Credit Card numberâ at checkout page, e.g. CIMBVSHUBSTORE123456.",0,0,0,0,Online,0,0,0
211_9,211,Cat & the Fiddle,Cat & the Fiddle,10% off regular-priced items,10% off regular-priced items,0,Not available,0,http://www.cimbbank.com.sg/promo/onlinemerchantdeals/,http://www.cimbbank.com.sg/promo/onlinemerchantdeals/img/logos/catandthefiddle.jpg,0,0,2015-12-31 T23:59:59,CIMB_9,211_CIMB_9,Cat & the Fiddle,0,0,All,"Note To enjoy the offer, key in 'CIMB' at the 'View Cart' page. Discount is not applicable on delivery and self collection at third party location.",0,0,0,0,Online,0,0,0
211_10,211,foodpanda,foodpanda,30% off total bill 1 15% off total bill 2,30% off total bill 1 15% off total bill 2,0,Not available,0,http://www.cimbbank.com.sg/promo/onlinemerchantdeals/,http://www.cimbbank.com.sg/promo/onlinemerchantdeals/img/logos/foodpanda.jpg,0,0,2015-09-30 T23:59:59,CIMB_10,211_CIMB_10,foodpanda,0,0,All,"Note To enjoy the offer, key in the respective voucher code at the payment page. Valid for online payments using CIMB Credit Cards issued in Singapore only. Not valid for cash on delivery orders. 1 Valid for new customers only. To enjoy the offer, key in 'CIMBPANDA30' at the payment page. 2 Valid for existing customers and one time use only. To enjoy the offer, key in 'CIMBPANDA15' at the checkout page.",0,0,0,0,Online,0,0,0
211_11,211,Happycurry.com,Happycurry.com,10% off all orders,10% off all orders,0,Not available,0,http://www.cimbbank.com.sg/promo/onlinemerchantdeals/,http://www.cimbbank.com.sg/promo/onlinemerchantdeals/img/logos/happycurry.jpg,0,0,2015-12-31 T23:59:59,CIMB_11,211_CIMB_11,Happycurry.com,0,0,All,"Note To enjoy the offer, key in 'HAPPYCURRY' at the checkout page.",0,0,0,0,Online,0,0,0
211_12,211,Lazyfruits,Lazyfruits,10% off total bill,10% off total bill,0,Not available,0,http://www.cimbbank.com.sg/promo/onlinemerchantdeals/,http://www.cimbbank.com.sg/promo/onlinemerchantdeals/img/logos/lazyfruits.jpg,0,0,2015-12-31 T23:59:59,CIMB_12,211_CIMB_12,Lazyfruits,0,0,All,"Note To enjoy the offer, key in 'CIMB10' at the checkout page.",0,0,0,0,Online,0,0,0
211_13,211,The Korea Food Company,The Korea Food Company,S$12* Bulgogi Bento Box (U.P. S$14) S$10* Bibimbap Bento Box (U.P. $12) 10% off Family Meal Bonanza 1,S$12* Bulgogi Bento Box (U.P. S$14) S$10* Bibimbap Bento Box (U.P. $12) 10% off Family Meal Bonanza 1,0,Not available,0,http://www.cimbbank.com.sg/promo/onlinemerchantdeals/,http://www.cimbbank.com.sg/promo/onlinemerchantdeals/img/logos/thekoreanfoodcompany.jpg,0,0,2015-12-15 T23:59:59,CIMB_13,211_CIMB_13,The Korea Food Company,0,0,All,"Note *Valid with a minimum order for 25 persons. To enjoy the offer, call 6749 5123 or email info@koreafoodcompany.com for orders. 1 To enjoy the offer, enter 'CIMB-1' for Family Meal Bonanza 1 (Bibimbap Set) and 'CIMB-2' for the Family Meal Bonanza 2",0,0,0,0,Online,0,0,0
211_14,211,Expedia.com.sg,Expedia.com.sg,10% off hotel bookings,10% off hotel bookings,0,Not available,0,http://www.cimbbank.com.sg/promo/onlinemerchantdeals/,http://www.cimbbank.com.sg/promo/onlinemerchantdeals/img/logos/expedia01.jpg,0,0,2015-08-30 T23:59:59,CIMB_14,211_CIMB_14,Expedia.com.sg,0,0,All,How to enjoy the offer: Visit www.expedia.com.sg/cimb. Register with the first 6 digits of your CIMB Credit Card number to obtain unique code. Visit www.expedia.com.sg and choose a participating property and proceed to payment page. Enter the voucher code and pay with your CIMB Credit Card to enjoy 10% discount.|Note Valid for bookings from 1 May to 31 August 2015. Valid for travel from 1 May to 29 February 2016.,0,0,0,0,Online,0,0,0
211_15,211,Asiatravel.com,Asiatravel.com,"Enjoy additional 9% off all Prepay Hotel stays, Land Packages, Tours & Attractions","Enjoy additional 9% off all Prepay Hotel stays, Land Packages, Tours & Attractions",0,Not available,0,http://www.cimbbank.com.sg/promo/onlinemerchantdeals/,http://www.cimbbank.com.sg/promo/onlinemerchantdeals/img/logos/asiatravel.jpg,0,0,2015-12-31 T23:59:59,CIMB_15,211_CIMB_15,Asiatravel.com,0,0,All,"Note To enjoy the offer, key in discount code 'CIMB-9' at the checkout page. Applicable for the following products and services: - Hotels (Prepay) - Land Packages (Hotel + Tour) - Tours and Attractions Applicable only for travel products indicated with a ""CV"" icon. Discount is only valid for online instant confirmation travel products only. This offer is only applicable to CIMB Credit Cards issued in Singapore only. Discount is only valid for purchases via www.asiatravel.com/cards/cimb-sg.",0,0,0,0,Online,0,0,0
211_16,211,AsiaWebDirect.com,AsiaWebDirect.com,Discounted hotel deals with an extra 7% off online bookings,Discounted hotel deals with an extra 7% off online bookings,0,Not available,0,http://www.cimbbank.com.sg/promo/onlinemerchantdeals/,http://www.cimbbank.com.sg/promo/onlinemerchantdeals/img/logos/asiawebdirect.jpg,0,0,2015-06-30 T23:59:59,CIMB_16,211_CIMB_16,AsiaWebDirect.com,0,0,All,"Note To enjoy the offer, key in the first 6 digits of CIMB Credit Card Number and e-mail address to get your promo code.",0,0,0,0,Online,0,0,0
211_17,211,Hotels.com,Hotels.com,Receive 10% off hotel booking,Receive 10% off hotel booking,0,Not available,0,http://www.cimbbank.com.sg/promo/onlinemerchantdeals/,http://www.cimbbank.com.sg/promo/onlinemerchantdeals/img/logos/hotels.jpg,0,0,2015-12-31 T23:59:59,CIMB_17,211_CIMB_17,Hotels.com,0,0,All,Note Choose a 'Price Match Guarantee' hotel from hundreds of thousands of options. Enter the code 'mastercard' at payment to receive your 10% discount.|Terms and conditions apply.,0,0,0,0,Online,0,0,0
211_18,211,Qoo10,Qoo10,Receive S$40 worth of Coupons for use on your purchases within the next 30 days.,Receive S$40 worth of Coupons for use on your purchases within the next 30 days.,0,Not available,0,http://www.cimbbank.com.sg/promo/onlinemerchantdeals/,http://www.cimbbank.com.sg/promo/onlinemerchantdeals/img/logos/qoo10.jpg,0,0,Not available,CIMB_18,211_CIMB_18,Qoo10,0,0,All,"Note All MasterCard cardholders are eligible to receive S$40 Coupon package which consists of 2 Pieces of S$1 Off Coupon, 1 Piece of S$2 Off Coupon, 2 Pieces of S$3 Off Coupon, 2 Pieces of S$5 Off Coupon and 2 Pieces of S$10 Off Coupon. Minimum spending requirement applies differently to each denomination of Coupons. All Coupons are only redeemable with MasterCard upon checkout. Coupons cannot be used in conjunction with Discounts from special Corners (e.g.Time Sale, Group Buy, Daily Deal and Qchance etc). All items that have been discounted already cannot be purchased with this Coupon Pack.|Terms and conditions apply.",0,0,0,0,Online,0,0,0
211_19,211,ShopGuru.Sg,ShopGuru.Sg,Enjoy 50% more cashback,Enjoy 50% more cashback,0,Not available,0,http://www.cimbbank.com.sg/promo/onlinemerchantdeals/,http://www.cimbbank.com.sg/promo/onlinemerchantdeals/img/logos/shopguru.jpg,0,0,2015-12-31 T23:59:59,CIMB_19,211_CIMB_19,ShopGuru.Sg,0,0,All,Note Sign up to get S$2 cash immediately. Shop your favourite brands to earn cash. Acccumulate S$10 cash back and cash out to Paypal.|Terms and conditions apply.,0,0,0,0,Online,0,0,0
211_20,211,Zalora,Zalora,Receive an extra 7% off purchases every Thursday,Receive an extra 7% off purchases every Thursday,0,Not available,0,http://www.cimbbank.com.sg/promo/onlinemerchantdeals/,http://www.cimbbank.com.sg/promo/onlinemerchantdeals/img/logos/zalora.jpg,0,0,2015-12-31 T23:59:59,CIMB_20,211_CIMB_20,Zalora,0,0,All,"Note No minimum spend and no cap on the discount. Limited to the first 3,000 transactions every Thursday. Discount is automatically effected upon purchase. Brand exclusions apply.|Terms and conditions apply.",0,0,0,0,Online,0,0,0
211_21,211,Lazada,Lazada,Receive up to 10% off selected products every Monday,Receive up to 10% off selected products every Monday,0,Not available,0,http://www.cimbbank.com.sg/promo/onlinemerchantdeals/,http://www.cimbbank.com.sg/promo/onlinemerchantdeals/img/logos/lazada.jpg,0,0,2015-12-31 T23:59:59,CIMB_21,211_CIMB_21,Lazada,0,0,All,Note Discount will be automatically applied when you add the item to your cart and enter your MasterCard Credit Card details at checkout. No minimum spend is required. Discount is capped at S$30.|Terms and conditions apply.,0,0,0,0,Online,0,0,0
211_22,211,MasterCard Mastersâ Club South East Asia Golf Platform,MasterCard Mastersâ Club South East Asia Golf Platform,"The Masters' Club gives you access to a selection of the finest golf clubs in South East Asia. From complimentary green fees, to free golf lessons and access to some of the world's most stunning courses; welcome to a very special club. Platinum Tee Access highly respected member-only clubs around SEA World Tee Receive 50% off all green fees","The Masters' Club gives you access to a selection of the finest golf clubs in South East Asia. From complimentary green fees, to free golf lessons and access to some of the world's most stunning courses; welcome to a very special club. Platinum Tee Access highly respected member-only clubs around SEA World Tee Receive 50% off all green fees",0,Not available,0,http://www.cimbbank.com.sg/promo/onlinemerchantdeals/,http://www.cimbbank.com.sg/promo/onlinemerchantdeals/img/logos/mastersclub.jpg,0,0,2016-06-15 T23:59:59,CIMB_22,211_CIMB_22,MasterCard Mastersâ Club South East Asia Golf Platform,0,0,All,Terms and conditions apply.,0,0,0,0,Online,0,0,0
211_23,211,REEBONZ,REEBONZ,Enjoy 6% off purchases every Saturday and Sunday,Enjoy 6% off purchases every Saturday and Sunday,0,Not available,0,http://www.cimbbank.com.sg/promo/onlinemerchantdeals/,http://www.cimbbank.com.sg/promo/onlinemerchantdeals/img/logos/reebonz.jpg,0,0,2015-12-31 T23:59:59,CIMB_23,211_CIMB_23,REEBONZ,0,0,All,"Note Choose your product and checkout. Upon checkout, enter the code 'MASTERSG6' at payment to receive your 6% discount.|Terms and conditions apply.",0,0,0,0,Online,0,0,0
211_24,211,Hertz,Hertz,World Cardholders Save up to 10% on worldwide car rental Plus get a two-car class upgrade (subject to availability) Platinum Cardholders Save up to 10% on worldwide car rental Plus get a one-car class upgrade (subject to availability),World Cardholders Save up to 10% on worldwide car rental Plus get a two-car class upgrade (subject to availability) Platinum Cardholders Save up to 10% on worldwide car rental Plus get a one-car class upgrade (subject to availability),0,Not available,0,http://www.cimbbank.com.sg/promo/onlinemerchantdeals/,http://www.cimbbank.com.sg/promo/onlinemerchantdeals/img/logos/hertz.jpg,0,0,2015-12-31 T23:59:59,CIMB_24,211_CIMB_24,Hertz,0,0,All,Note Minimum 4 days rental for car class upgrade.|Terms and conditions apply.,0,0,0,0,Online,0,0,0
211_25,211,Universal Studios Singapore™ and S.E.A Aquarium™ at Resorts World Sentosa Singapore,Universal Studios Singapore™ and S.E.A Aquarium™ at Resorts World Sentosa Singapore,Enjoy access to two theme parks at one special rate of $78 (U.P $106),Enjoy access to two theme parks at one special rate of $78 (U.P $106),0,Not available,0,http://www.cimbbank.com.sg/promo/onlinemerchantdeals/,http://www.cimbbank.com.sg/promo/onlinemerchantdeals/img/logos/rws.jpg,0,0,2015-07-31 T23:59:59,CIMB_25,211_CIMB_25,Universal Studios Singapore™ and S.E.A Aquarium™ at Resorts World Sentosa Singapore,0,0,All,"Note Promotion is valid for purchase of Adult regular One-Day dated Pass only, subject to availability. Promotion is valid for park visit from 1 June to 31 July 2015. Extension of validity is not permitted.|Terms and conditions apply.",0,0,0,0,Online,0,0,0
211_26,211,Starwood Hotels and Resorts,Starwood Hotels and Resorts,"Save 20% at participating properties in Asia Pacific when you book a minimum two-night stay with MasterCard. What's more, if you choose a new hotel that's opened in the last 6 months, you'll also receive a room upgrade and late checkout!","Save 20% at participating properties in Asia Pacific when you book a minimum two-night stay with MasterCard. What's more, if you choose a new hotel that's opened in the last 6 months, you'll also receive a room upgrade and late checkout!",0,Not available,0,http://www.cimbbank.com.sg/promo/onlinemerchantdeals/,http://www.cimbbank.com.sg/promo/onlinemerchantdeals/img/logos/starwood.jpg,0,0,2015-12-31 T23:59:59,CIMB_26,211_CIMB_26,Starwood Hotels and Resorts,0,0,All,Terms and conditions apply.,0,0,0,0,Online,0,0,0
211_27,211,Frasers Hospitality,Frasers Hospitality,10% off best available rate Free breakfast and wi-fi access,10% off best available rate Free breakfast and wi-fi access,0,Not available,0,http://www.cimbbank.com.sg/promo/onlinemerchantdeals/,http://www.cimbbank.com.sg/promo/onlinemerchantdeals/img/logos/frasers.jpg,0,0,2015-12-31 T23:59:59,CIMB_27,211_CIMB_27,Frasers Hospitality,0,0,All,Terms and conditions apply.,0,0,0,0,Online,0,0,0
211_28,211,Worldhotels,Worldhotels,"Book our ""MasterCard Specials"" promotion for a minimum stay of two nights and save 15% Additional benefits: - Late check-out till 3pm - Complimentary internet access - Free access to Business Centre or Business/Executive Lounge.","Book our ""MasterCard Specials"" promotion for a minimum stay of two nights and save 15% Additional benefits: - Late check-out till 3pm - Complimentary internet access - Free access to Business Centre or Business/Executive Lounge.",0,Not available,0,http://www.cimbbank.com.sg/promo/onlinemerchantdeals/,http://www.cimbbank.com.sg/promo/onlinemerchantdeals/img/logos/worldhotels.jpg,0,0,2015-12-31 T23:59:59,CIMB_28,211_CIMB_28,Worldhotels,0,0,All,"Note Bookings are subject to availability and only valid when booking the special rate ""MasterCard Specials"". To be eligible for the offer, reservations must be made and paid for with any MasterCard, otherwise full rate applies.|Terms and conditions apply.",0,0,0,0,Online,0,0,0
211_29,211,Sentosa-MasterCard Partnership,Sentosa-MasterCard Partnership,"All-Day-Fun, All-Year-Long here in the State of Fun! Use your MasterCard to enjoy up to 20% off all participating outlets in Sentosa. Details are available on the website.","All-Day-Fun, All-Year-Long here in the State of Fun! Use your MasterCard to enjoy up to 20% off all participating outlets in Sentosa. Details are available on the website.",0,Not available,0,http://www.cimbbank.com.sg/promo/onlinemerchantdeals/,http://www.cimbbank.com.sg/promo/onlinemerchantdeals/img/logos/sentosa.jpg,0,0,2015-12-31 T23:59:59,CIMB_29,211_CIMB_29,Sentosa-MasterCard Partnership,0,0,All,Terms and conditions apply.,0,0,0,0,Online,0,0,0
211_30,211,Claude Bernard,Claude Bernard,• 20% off regular-priced watches,• 20% off regular-priced watches,0,OG Orchard Point | Robinsons The Heeren Level 4 | TANGS Orchard Level 3 | TANGS VivoCity Level 1 | Metro The Centrepoint Level 3 ,0,http://www.cimbbank.com.sg/promo/retaildeals/,0,0,0,2015-12-31 T23:59:59,CIMB_30,211_CIMB_30,Claude Bernard,0,0,All,"Offers are valid till 31 December 2015, unless otherwise stated. Terms and conditions apply for the CIMB Smart Rewards - Retail Deals. Please click here to view the full set of terms and conditions.",0,0,0,0,Shopping,0,0,0
211_31,211,Dr. Ci:Labo,Dr. Ci:Labo,• 5% off regular-priced products • 10% off regular-priced products with a minimum spend of S$200,• 5% off regular-priced products • 10% off regular-priced products with a minimum spend of S$200,0,ION Orchard #B3-41,0,http://www.cimbbank.com.sg/promo/retaildeals/,0,0,0,2015-12-31 T23:59:59,CIMB_31,211_CIMB_31,Dr. Ci:Labo,0,0,All,"Offers are valid till 31 December 2015, unless otherwise stated. Terms and conditions apply for the CIMB Smart Rewards - Retail Deals. Please click here to view the full set of terms and conditions.",0,0,0,0,Shopping,0,0,0
211_32,211,Grey,Grey,• 15%* off regular-priced items,• 15%* off regular-priced items,0,Orchard Central #03-28A,0,http://www.cimbbank.com.sg/promo/retaildeals/,0,0,0,2015-08-15 T23:59:59,CIMB_32,211_CIMB_32,Grey,0,0,All,"*For online purchases, visit www.ortenhill.com and please enter promo code CIMB15OFFGREY upon checkout with CIMB Credit Card issued in Singapore only.",0,0,0,0,Shopping,0,0,0
211_33,211,JiXiang Zhai by Cloth.ier,JiXiang Zhai by Cloth.ier,• 10% off total bill and be entitled to exclusive VIP promotions,• 10% off total bill and be entitled to exclusive VIP promotions,0,The Shoppes at Marina Bay Sands Bay Level L1-69,0,http://www.cimbbank.com.sg/promo/retaildeals/,0,0,0,2015-12-31 T23:59:59,CIMB_33,211_CIMB_33,JiXiang Zhai by Cloth.ier,0,0,All,"Offers are valid till 31 December 2015, unless otherwise stated. Terms and conditions apply for the CIMB Smart Rewards - Retail Deals. Please click here to view the full set of terms and conditions.",0,0,0,0,Shopping,0,0,0
211_34,211,Nail Spa & Wellness,Nail Spa & Wellness,Birthday Treat: • 50%* off deluxe manicure/pedicure services,Birthday Treat: • 50%* off deluxe manicure/pedicure services,0,TripleOne Somerset #02-10,0,http://www.cimbbank.com.sg/promo/retaildeals/,0,0,0,Not available,CIMB_34,211_CIMB_34,Nail Spa & Wellness,0,0,All,*Strictly by appointment. • Not valid 1 week before Christmas.,0,0,0,0,Shopping,0,0,0
211_35,211,Nanyang Optical,Nanyang Optical,• 30%* off all frames,• 30%* off all frames,0,Causeway Point #B1-04 | Clementi Mall #04-43 | Compass Point #B1-14 | Heartland Mall #01-133/135 | Junction 8 #B1-15 | Jurong Point #01-29D | nex #B1- 64 | Parkway Parade #B1-58/59/60 | Thomson Plaza #01-10A | White Sands #03-09A,0,http://www.cimbbank.com.sg/promo/retaildeals/,0,0,0,Not available,CIMB_35,211_CIMB_35,Nanyang Optical,0,0,All,"*Discounts not valid with other priced-controlled items, accessories, promotions, discounts, vouchers, card & rebate privileges unless otherwise stated.",0,0,0,0,Shopping,0,0,0
211_36,211,Shunji Matsuo Hair Salon @313,Shunji Matsuo Hair Salon @313,• 10%* off chemical services,• 10%* off chemical services,0,313@somerset #03-26,0,http://www.cimbbank.com.sg/promo/retaildeals/,0,0,0,2015-05-30 T23:59:59,CIMB_36,211_CIMB_36,Shunji Matsuo Hair Salon @313,0,0,All,*Offer is valid with a minimum purchase of S$150 and with 2 services done. • Haircut not included. • Valid for all stylists’ services.,0,0,0,0,Shopping,0,0,0
211_37,211,Lazada.SG,Lazada.SG,• S$15* off with a minimum spend of S$60. Enter voucher code CIMBGSS15OFF upon checkout,• S$15* off with a minimum spend of S$60. Enter voucher code CIMBGSS15OFF upon checkout,0,Not available,0,http://www.cimbbank.com.sg/promo/retaildeals/,0,0,0,2015-07-31 T23:59:59,CIMB_37,211_CIMB_37,Lazada.SG,0,0,All,"*Offer and voucher code are valid from now until 31 July 2015. • Voucher code is applicable for all items on Lazada.SG, with a minimum spend of $60. • Discount is not exchangeable for cash. • Lazada reserves the right to cancel suspicious orders without prior notice. • Voucher code is applicable for single use only and cannot be combined with other codes and promotions. • Use voucher code upon checkout with your CIMB Credit Card to get the discount. • Valid for CIMB Credit Cards issued in Singapore only.",0,0,0,0,Shopping,0,0,0
211_38,211,Reebonz,Reebonz,• 5%* off on Reebonz.com.sg. Enter discount code CIMBSG followed by <first 6 digits of CIMB Credit Card> upon checkout,• 5%* off on Reebonz.com.sg. Enter discount code CIMBSG followed by <first 6 digits of CIMB Credit Card> upon checkout,0,Not available,0,http://www.cimbbank.com.sg/promo/retaildeals/,0,0,0,2015-08-15 T23:59:59,CIMB_38,211_CIMB_38,Reebonz,0,0,All,*Offer and discount code are valid from now until 15 August 2015. • Not applicable to selected events and merchandise. • Reebonz reserves the right to amend any terms and conditions. • Valid for CIMB Credit Cards issued in Singapore only.,0,0,0,0,Shopping,0,0,0
211_39,211,ZALORA,ZALORA,"• 18%* off storewide, applicable on top of sale items. Enter voucher code CIMBZALGSS18 upon checkout","• 18%* off storewide, applicable on top of sale items. Enter voucher code CIMBZALGSS18 upon checkout",0,Not available,0,http://www.cimbbank.com.sg/promo/retaildeals/,0,0,0,2015-08-31 T23:59:59,CIMB_39,211_CIMB_39,ZALORA,0,0,All,*Offer and voucher code are valid from now until 31 August 2015. • Voucher code is applicable at www.zalora.sg only. Â • Valid for one time use per customer only. • Not applicable to Marketplace and non-sale brands listed at www.zalora.sg/faq-non-sale. • ZALORA Singapore reserves the right to amend/cancel the promotion at any time. • Valid for CIMB Credit Cards issued in Singapore only.,0,0,0,0,Shopping,0,0,0
211_40,211,TungLok XiHé Peking Duck,TungLok XiHé Peking Duck,• 10% off à la carte food menu with minimum spend of S$80 • Not valid for banquets or groups of more than 30 patrons.,• 10% off à la carte food menu with minimum spend of S$80 • Not valid for banquets or groups of more than 30 patrons.,0,Not available,0,http://www.cimbbank.com.sg/promo/epicure/,0,0,0,2015-10-31 T23:59:59,CIMB_40,211_CIMB_40,TungLok XiHé Peking Duck,0,0,All,"Offers are valid till 31 October 2015 unless stated otherwise. Payment must be made with CIMB Credit Cards. All offers (a) are not applicable on Eves of Public Holidays, Public Holidays and special occasions/festive periods, including but not limited to Valentine’s Day, Mother’s Day, Father’s Day and 15 days of Chinese New Year, unless stated otherwise, (b) cannot be used in conjunction with other promotions, offers, privileges, discounts, vouchers, loyalty programmes, set menus, privilege card(s) and are mutually exclusive, (c) are valid for dine-in only, unless stated otherwise and (d) may be subjected to prevailing government taxes and services charges, where applicable. CIMB Bank General Terms and Conditions apply. All information is correct at the time of printing. Other Terms and Conditions apply.",0,0,0,0,Dining,0,0,0
211_41,211,"The Fullerton Bay Hotel Singapore, The Clifford Pier","The Fullerton Bay Hotel Singapore, The Clifford Pier",• 10% off à la carte food menu,• 10% off à la carte food menu,0,Not available,0,http://www.cimbbank.com.sg/promo/epicure/,0,0,0,2015-10-31 T23:59:59,CIMB_41,211_CIMB_41,"The Fullerton Bay Hotel Singapore, The Clifford Pier",0,0,All,"Offers are valid till 31 October 2015 unless stated otherwise. Payment must be made with CIMB Credit Cards. All offers (a) are not applicable on Eves of Public Holidays, Public Holidays and special occasions/festive periods, including but not limited to Valentine’s Day, Mother’s Day, Father’s Day and 15 days of Chinese New Year, unless stated otherwise, (b) cannot be used in conjunction with other promotions, offers, privileges, discounts, vouchers, loyalty programmes, set menus, privilege card(s) and are mutually exclusive, (c) are valid for dine-in only, unless stated otherwise and (d) may be subjected to prevailing government taxes and services charges, where applicable. CIMB Bank General Terms and Conditions apply. All information is correct at the time of printing. Other Terms and Conditions apply.",0,0,0,0,Dining,0,0,0
211_42,211,Peach Garden Chinese Restaurant,Peach Garden Chinese Restaurant,• 15% off total bill with minimum spend of S$50,• 15% off total bill with minimum spend of S$50,0,Not available,0,http://www.cimbbank.com.sg/promo/epicure/,0,0,0,2015-10-31 T23:59:59,CIMB_42,211_CIMB_42,Peach Garden Chinese Restaurant,0,0,All,"Offers are valid till 31 October 2015 unless stated otherwise. Payment must be made with CIMB Credit Cards. All offers (a) are not applicable on Eves of Public Holidays, Public Holidays and special occasions/festive periods, including but not limited to Valentine’s Day, Mother’s Day, Father’s Day and 15 days of Chinese New Year, unless stated otherwise, (b) cannot be used in conjunction with other promotions, offers, privileges, discounts, vouchers, loyalty programmes, set menus, privilege card(s) and are mutually exclusive, (c) are valid for dine-in only, unless stated otherwise and (d) may be subjected to prevailing government taxes and services charges, where applicable. CIMB Bank General Terms and Conditions apply. All information is correct at the time of printing. Other Terms and Conditions apply.",0,0,0,0,Dining,0,0,0
211_43,211,"Marina Mandarin Singapore, by Meritus, Peach Blossoms","Marina Mandarin Singapore, by Meritus, Peach Blossoms",• 10% off total bill,• 10% off total bill,0,Not available,0,http://www.cimbbank.com.sg/promo/epicure/,0,0,0,2015-10-31 T23:59:59,CIMB_43,211_CIMB_43,"Marina Mandarin Singapore, by Meritus, Peach Blossoms",0,0,All,"Offers are valid till 31 October 2015 unless stated otherwise. Payment must be made with CIMB Credit Cards. All offers (a) are not applicable on Eves of Public Holidays, Public Holidays and special occasions/festive periods, including but not limited to Valentine’s Day, Mother’s Day, Father’s Day and 15 days of Chinese New Year, unless stated otherwise, (b) cannot be used in conjunction with other promotions, offers, privileges, discounts, vouchers, loyalty programmes, set menus, privilege card(s) and are mutually exclusive, (c) are valid for dine-in only, unless stated otherwise and (d) may be subjected to prevailing government taxes and services charges, where applicable. CIMB Bank General Terms and Conditions apply. All information is correct at the time of printing. Other Terms and Conditions apply.",0,0,0,0,Dining,0,0,0
211_44,211,"Shangri-La's Rasa Sentosa Resort & Spa, Singapore, Dine on 3 - 8 Noodles","Shangri-La's Rasa Sentosa Resort & Spa, Singapore, Dine on 3 - 8 Noodles",• 10% off total bill,• 10% off total bill,0,Not available,0,http://www.cimbbank.com.sg/promo/epicure/,0,0,0,2015-10-31 T23:59:59,CIMB_44,211_CIMB_44,"Shangri-La's Rasa Sentosa Resort & Spa, Singapore, Dine on 3 - 8 Noodles",0,0,All,"Offers are valid till 31 October 2015 unless stated otherwise. Payment must be made with CIMB Credit Cards. All offers (a) are not applicable on Eves of Public Holidays, Public Holidays and special occasions/festive periods, including but not limited to Valentine’s Day, Mother’s Day, Father’s Day and 15 days of Chinese New Year, unless stated otherwise, (b) cannot be used in conjunction with other promotions, offers, privileges, discounts, vouchers, loyalty programmes, set menus, privilege card(s) and are mutually exclusive, (c) are valid for dine-in only, unless stated otherwise and (d) may be subjected to prevailing government taxes and services charges, where applicable. CIMB Bank General Terms and Conditions apply. All information is correct at the time of printing. Other Terms and Conditions apply.",0,0,0,0,Dining,0,0,0
211_45,211,"Mandarin Orchard Singapore, Shisen Hanten","Mandarin Orchard Singapore, Shisen Hanten",• 10% off total bill,• 10% off total bill,0,Not available,0,http://www.cimbbank.com.sg/promo/epicure/,0,0,0,2015-10-31 T23:59:59,CIMB_45,211_CIMB_45,"Mandarin Orchard Singapore, Shisen Hanten",0,0,All,"Offers are valid till 31 October 2015 unless stated otherwise. Payment must be made with CIMB Credit Cards. All offers (a) are not applicable on Eves of Public Holidays, Public Holidays and special occasions/festive periods, including but not limited to Valentine’s Day, Mother’s Day, Father’s Day and 15 days of Chinese New Year, unless stated otherwise, (b) cannot be used in conjunction with other promotions, offers, privileges, discounts, vouchers, loyalty programmes, set menus, privilege card(s) and are mutually exclusive, (c) are valid for dine-in only, unless stated otherwise and (d) may be subjected to prevailing government taxes and services charges, where applicable. CIMB Bank General Terms and Conditions apply. All information is correct at the time of printing. Other Terms and Conditions apply.",0,0,0,0,Dining,0,0,0
211_46,211,Si Chuan Dou Hua,Si Chuan Dou Hua,• 15% off total food bill,• 15% off total food bill,0,Not available,0,http://www.cimbbank.com.sg/promo/epicure/,0,0,0,2015-10-31 T23:59:59,CIMB_46,211_CIMB_46,Si Chuan Dou Hua,0,0,All,"Offers are valid till 31 October 2015 unless stated otherwise. Payment must be made with CIMB Credit Cards. All offers (a) are not applicable on Eves of Public Holidays, Public Holidays and special occasions/festive periods, including but not limited to Valentine’s Day, Mother’s Day, Father’s Day and 15 days of Chinese New Year, unless stated otherwise, (b) cannot be used in conjunction with other promotions, offers, privileges, discounts, vouchers, loyalty programmes, set menus, privilege card(s) and are mutually exclusive, (c) are valid for dine-in only, unless stated otherwise and (d) may be subjected to prevailing government taxes and services charges, where applicable. CIMB Bank General Terms and Conditions apply. All information is correct at the time of printing. Other Terms and Conditions apply.",0,0,0,0,Dining,0,0,0
211_47,211,"Holiday Inn Singapore Orchard City Centre, Tandoor","Holiday Inn Singapore Orchard City Centre, Tandoor",• 10% off total bill,• 10% off total bill,0,Not available,0,http://www.cimbbank.com.sg/promo/epicure/,0,0,0,2015-10-31 T23:59:59,CIMB_47,211_CIMB_47,"Holiday Inn Singapore Orchard City Centre, Tandoor",0,0,All,"Offers are valid till 31 October 2015 unless stated otherwise. Payment must be made with CIMB Credit Cards. All offers (a) are not applicable on Eves of Public Holidays, Public Holidays and special occasions/festive periods, including but not limited to Valentine’s Day, Mother’s Day, Father’s Day and 15 days of Chinese New Year, unless stated otherwise, (b) cannot be used in conjunction with other promotions, offers, privileges, discounts, vouchers, loyalty programmes, set menus, privilege card(s) and are mutually exclusive, (c) are valid for dine-in only, unless stated otherwise and (d) may be subjected to prevailing government taxes and services charges, where applicable. CIMB Bank General Terms and Conditions apply. All information is correct at the time of printing. Other Terms and Conditions apply.",0,0,0,0,Dining,0,0,0
211_48,211,Punjab Grill,Punjab Grill,• 10% off à la carte food menu,• 10% off à la carte food menu,0,Not available,0,http://www.cimbbank.com.sg/promo/epicure/,0,0,0,2015-10-31 T23:59:59,CIMB_48,211_CIMB_48,Punjab Grill,0,0,All,"Offers are valid till 31 October 2015 unless stated otherwise. Payment must be made with CIMB Credit Cards. All offers (a) are not applicable on Eves of Public Holidays, Public Holidays and special occasions/festive periods, including but not limited to Valentine’s Day, Mother’s Day, Father’s Day and 15 days of Chinese New Year, unless stated otherwise, (b) cannot be used in conjunction with other promotions, offers, privileges, discounts, vouchers, loyalty programmes, set menus, privilege card(s) and are mutually exclusive, (c) are valid for dine-in only, unless stated otherwise and (d) may be subjected to prevailing government taxes and services charges, where applicable. CIMB Bank General Terms and Conditions apply. All information is correct at the time of printing. Other Terms and Conditions apply.",0,0,0,0,Dining,0,0,0
211_49,211,Saha Signature Indian Restaurant & Terrace Bar,Saha Signature Indian Restaurant & Terrace Bar,• 10% off total bill • Not valid for fine wines,• 10% off total bill • Not valid for fine wines,0,Not available,0,http://www.cimbbank.com.sg/promo/epicure/,0,0,0,2015-10-31 T23:59:59,CIMB_49,211_CIMB_49,Saha Signature Indian Restaurant & Terrace Bar,0,0,All,"Offers are valid till 31 October 2015 unless stated otherwise. Payment must be made with CIMB Credit Cards. All offers (a) are not applicable on Eves of Public Holidays, Public Holidays and special occasions/festive periods, including but not limited to Valentine’s Day, Mother’s Day, Father’s Day and 15 days of Chinese New Year, unless stated otherwise, (b) cannot be used in conjunction with other promotions, offers, privileges, discounts, vouchers, loyalty programmes, set menus, privilege card(s) and are mutually exclusive, (c) are valid for dine-in only, unless stated otherwise and (d) may be subjected to prevailing government taxes and services charges, where applicable. CIMB Bank General Terms and Conditions apply. All information is correct at the time of printing. Other Terms and Conditions apply.",0,0,0,0,Dining,0,0,0
211_50,211,Shahi Maharani,Shahi Maharani,• 10% off total bill,• 10% off total bill,0,Not available,0,http://www.cimbbank.com.sg/promo/epicure/,0,0,0,2015-10-31 T23:59:59,CIMB_50,211_CIMB_50,Shahi Maharani,0,0,All,"Offers are valid till 31 October 2015 unless stated otherwise. Payment must be made with CIMB Credit Cards. All offers (a) are not applicable on Eves of Public Holidays, Public Holidays and special occasions/festive periods, including but not limited to Valentine’s Day, Mother’s Day, Father’s Day and 15 days of Chinese New Year, unless stated otherwise, (b) cannot be used in conjunction with other promotions, offers, privileges, discounts, vouchers, loyalty programmes, set menus, privilege card(s) and are mutually exclusive, (c) are valid for dine-in only, unless stated otherwise and (d) may be subjected to prevailing government taxes and services charges, where applicable. CIMB Bank General Terms and Conditions apply. All information is correct at the time of printing. Other Terms and Conditions apply.",0,0,0,0,Dining,0,0,0
211_51,211,The Song of India,The Song of India,• 10% off total bill,• 10% off total bill,0,Not available,0,http://www.cimbbank.com.sg/promo/epicure/,0,0,0,2015-10-31 T23:59:59,CIMB_51,211_CIMB_51,The Song of India,0,0,All,"Offers are valid till 31 October 2015 unless stated otherwise. Payment must be made with CIMB Credit Cards. All offers (a) are not applicable on Eves of Public Holidays, Public Holidays and special occasions/festive periods, including but not limited to Valentine’s Day, Mother’s Day, Father’s Day and 15 days of Chinese New Year, unless stated otherwise, (b) cannot be used in conjunction with other promotions, offers, privileges, discounts, vouchers, loyalty programmes, set menus, privilege card(s) and are mutually exclusive, (c) are valid for dine-in only, unless stated otherwise and (d) may be subjected to prevailing government taxes and services charges, where applicable. CIMB Bank General Terms and Conditions apply. All information is correct at the time of printing. Other Terms and Conditions apply.",0,0,0,0,Dining,0,0,0
211_52,211,Hashida Sushi,Hashida Sushi,• 10% off total bill,• 10% off total bill,0,Not available,0,http://www.cimbbank.com.sg/promo/epicure/,0,0,0,2015-10-31 T23:59:59,CIMB_52,211_CIMB_52,Hashida Sushi,0,0,All,"Offers are valid till 31 October 2015 unless stated otherwise. Payment must be made with CIMB Credit Cards. All offers (a) are not applicable on Eves of Public Holidays, Public Holidays and special occasions/festive periods, including but not limited to Valentine’s Day, Mother’s Day, Father’s Day and 15 days of Chinese New Year, unless stated otherwise, (b) cannot be used in conjunction with other promotions, offers, privileges, discounts, vouchers, loyalty programmes, set menus, privilege card(s) and are mutually exclusive, (c) are valid for dine-in only, unless stated otherwise and (d) may be subjected to prevailing government taxes and services charges, where applicable. CIMB Bank General Terms and Conditions apply. All information is correct at the time of printing. Other Terms and Conditions apply.",0,0,0,0,Dining,0,0,0
211_53,211,Jim Thompson: A Thai Restaurant and Wine Bar,Jim Thompson: A Thai Restaurant and Wine Bar,• 10% off total bill,• 10% off total bill,0,Not available,0,http://www.cimbbank.com.sg/promo/epicure/,0,0,0,2015-10-31 T23:59:59,CIMB_53,211_CIMB_53,Jim Thompson: A Thai Restaurant and Wine Bar,0,0,All,"Offers are valid till 31 October 2015 unless stated otherwise. Payment must be made with CIMB Credit Cards. All offers (a) are not applicable on Eves of Public Holidays, Public Holidays and special occasions/festive periods, including but not limited to Valentine’s Day, Mother’s Day, Father’s Day and 15 days of Chinese New Year, unless stated otherwise, (b) cannot be used in conjunction with other promotions, offers, privileges, discounts, vouchers, loyalty programmes, set menus, privilege card(s) and are mutually exclusive, (c) are valid for dine-in only, unless stated otherwise and (d) may be subjected to prevailing government taxes and services charges, where applicable. CIMB Bank General Terms and Conditions apply. All information is correct at the time of printing. Other Terms and Conditions apply.",0,0,0,0,Dining,0,0,0
211_54,211,Long Beach Seafood Restaurant,Long Beach Seafood Restaurant,"• Set menu for 2 persons at S$106 (U.P. S$118). • Set menu for 3-4 persons at S$132 (U.P. S$148). • Set menu for 5-6 persons at S$242 (U.P. S$268). • Set menu for 7-8 persons at S$422 (U.P. S$468). • Set menu for 9-10 persons at S$493 (U.P. S$548). • Valid from 1 November 2014 to 30 November 2015. • Set menu seasonal items are subject to availability and will be replaced accordingly with an item of. • Not valid on Eves of Public Holidays, Public Holidays and special occasions / festive periods, including. not limited to Valentine's Day, Eve of Mother's Day and Father's Day, Mother's Day, Father's Day,. New Year (5 February to 6 March 2015), New Year's Eve and Day. • Not valid with Long Beach Premier Card, other promotions, discount, privileges or vouchers. • Not valid at Long Beach UDMC outlet","• Set menu for 2 persons at S$106 (U.P. S$118). • Set menu for 3-4 persons at S$132 (U.P. S$148). • Set menu for 5-6 persons at S$242 (U.P. S$268). • Set menu for 7-8 persons at S$422 (U.P. S$468). • Set menu for 9-10 persons at S$493 (U.P. S$548). • Valid from 1 November 2014 to 30 November 2015. • Set menu seasonal items are subject to availability and will be replaced accordingly with an item of. • Not valid on Eves of Public Holidays, Public Holidays and special occasions / festive periods, including. not limited to Valentine's Day, Eve of Mother's Day and Father's Day, Mother's Day, Father's Day,. New Year (5 February to 6 March 2015), New Year's Eve and Day. • Not valid with Long Beach Premier Card, other promotions, discount, privileges or vouchers. • Not valid at Long Beach UDMC outlet",0,Not available,0,http://www.cimbbank.com.sg/promo/epicure/,0,0,0,2015-10-31 T23:59:59,CIMB_54,211_CIMB_54,Long Beach Seafood Restaurant,0,0,All,"Offers are valid till 31 October 2015 unless stated otherwise. Payment must be made with CIMB Credit Cards. All offers (a) are not applicable on Eves of Public Holidays, Public Holidays and special occasions/festive periods, including but not limited to Valentine’s Day, Mother’s Day, Father’s Day and 15 days of Chinese New Year, unless stated otherwise, (b) cannot be used in conjunction with other promotions, offers, privileges, discounts, vouchers, loyalty programmes, set menus, privilege card(s) and are mutually exclusive, (c) are valid for dine-in only, unless stated otherwise and (d) may be subjected to prevailing government taxes and services charges, where applicable. CIMB Bank General Terms and Conditions apply. All information is correct at the time of printing. Other Terms and Conditions apply.",0,0,0,0,Dining,0,0,0
211_55,211,"L'Entrecote, The French Brasserie","L'Entrecote, The French Brasserie",• 10% off total bill,• 10% off total bill,0,Not available,0,http://www.cimbbank.com.sg/promo/epicure/,0,0,0,2015-07-31 T23:59:59,CIMB_55,211_CIMB_55,"L'Entrecote, The French Brasserie",0,0,All,"Offers are valid till 31 October 2015 unless stated otherwise. Payment must be made with CIMB Credit Cards. All offers (a) are not applicable on Eves of Public Holidays, Public Holidays and special occasions/festive periods, including but not limited to Valentine’s Day, Mother’s Day, Father’s Day and 15 days of Chinese New Year, unless stated otherwise, (b) cannot be used in conjunction with other promotions, offers, privileges, discounts, vouchers, loyalty programmes, set menus, privilege card(s) and are mutually exclusive, (c) are valid for dine-in only, unless stated otherwise and (d) may be subjected to prevailing government taxes and services charges, where applicable. CIMB Bank General Terms and Conditions apply. All information is correct at the time of printing. Other Terms and Conditions apply.",0,0,0,0,Dining,0,0,0
211_56,211,"L'Entrecote, The Steak and Fries Bistro","L'Entrecote, The Steak and Fries Bistro",• 10% off total bill,• 10% off total bill,0,Not available,0,http://www.cimbbank.com.sg/promo/epicure/,0,0,0,2015-07-31 T23:59:59,CIMB_56,211_CIMB_56,"L'Entrecote, The Steak and Fries Bistro",0,0,All,"Offers are valid till 31 October 2015 unless stated otherwise. Payment must be made with CIMB Credit Cards. All offers (a) are not applicable on Eves of Public Holidays, Public Holidays and special occasions/festive periods, including but not limited to Valentine’s Day, Mother’s Day, Father’s Day and 15 days of Chinese New Year, unless stated otherwise, (b) cannot be used in conjunction with other promotions, offers, privileges, discounts, vouchers, loyalty programmes, set menus, privilege card(s) and are mutually exclusive, (c) are valid for dine-in only, unless stated otherwise and (d) may be subjected to prevailing government taxes and services charges, where applicable. CIMB Bank General Terms and Conditions apply. All information is correct at the time of printing. Other Terms and Conditions apply.",0,0,0,0,Dining,0,0,0
211_57,211,"L'Entrecote Express, The Steak and Fries Bistro","L'Entrecote Express, The Steak and Fries Bistro",• 10% off total bill,• 10% off total bill,0,Not available,0,http://www.cimbbank.com.sg/promo/epicure/,0,0,0,2015-07-31 T23:59:59,CIMB_57,211_CIMB_57,"L'Entrecote Express, The Steak and Fries Bistro",0,0,All,"Offers are valid till 31 October 2015 unless stated otherwise. Payment must be made with CIMB Credit Cards. All offers (a) are not applicable on Eves of Public Holidays, Public Holidays and special occasions/festive periods, including but not limited to Valentine’s Day, Mother’s Day, Father’s Day and 15 days of Chinese New Year, unless stated otherwise, (b) cannot be used in conjunction with other promotions, offers, privileges, discounts, vouchers, loyalty programmes, set menus, privilege card(s) and are mutually exclusive, (c) are valid for dine-in only, unless stated otherwise and (d) may be subjected to prevailing government taxes and services charges, where applicable. CIMB Bank General Terms and Conditions apply. All information is correct at the time of printing. Other Terms and Conditions apply.",0,0,0,0,Dining,0,0,0
211_58,211,La Cantine,La Cantine,• 20% off dinner à la carte menu,• 20% off dinner à la carte menu,0,Not available,0,http://www.cimbbank.com.sg/promo/epicure/,0,0,0,2015-07-31 T23:59:59,CIMB_58,211_CIMB_58,La Cantine,0,0,All,"Offers are valid till 31 October 2015 unless stated otherwise. Payment must be made with CIMB Credit Cards. All offers (a) are not applicable on Eves of Public Holidays, Public Holidays and special occasions/festive periods, including but not limited to Valentine’s Day, Mother’s Day, Father’s Day and 15 days of Chinese New Year, unless stated otherwise, (b) cannot be used in conjunction with other promotions, offers, privileges, discounts, vouchers, loyalty programmes, set menus, privilege card(s) and are mutually exclusive, (c) are valid for dine-in only, unless stated otherwise and (d) may be subjected to prevailing government taxes and services charges, where applicable. CIMB Bank General Terms and Conditions apply. All information is correct at the time of printing. Other Terms and Conditions apply.",0,0,0,0,Dining,0,0,0
211_59,211,Toots Brasserie,Toots Brasserie,• 10% off à la carte menu,• 10% off à la carte menu,0,Not available,0,http://www.cimbbank.com.sg/promo/epicure/,0,0,0,2015-10-31 T23:59:59,CIMB_59,211_CIMB_59,Toots Brasserie,0,0,All,"Offers are valid till 31 October 2015 unless stated otherwise. Payment must be made with CIMB Credit Cards. All offers (a) are not applicable on Eves of Public Holidays, Public Holidays and special occasions/festive periods, including but not limited to Valentine’s Day, Mother’s Day, Father’s Day and 15 days of Chinese New Year, unless stated otherwise, (b) cannot be used in conjunction with other promotions, offers, privileges, discounts, vouchers, loyalty programmes, set menus, privilege card(s) and are mutually exclusive, (c) are valid for dine-in only, unless stated otherwise and (d) may be subjected to prevailing government taxes and services charges, where applicable. CIMB Bank General Terms and Conditions apply. All information is correct at the time of printing. Other Terms and Conditions apply.",0,0,0,0,Dining,0,0,0
211_60,211,Stuttgart Blackforest Boutique S-Café,Stuttgart Blackforest Boutique S-Café,• 10% off total bill,• 10% off total bill,0,Not available,0,http://www.cimbbank.com.sg/promo/epicure/,0,0,0,2015-10-31 T23:59:59,CIMB_60,211_CIMB_60,Stuttgart Blackforest Boutique S-Café,0,0,All,"Offers are valid till 31 October 2015 unless stated otherwise. Payment must be made with CIMB Credit Cards. All offers (a) are not applicable on Eves of Public Holidays, Public Holidays and special occasions/festive periods, including but not limited to Valentine’s Day, Mother’s Day, Father’s Day and 15 days of Chinese New Year, unless stated otherwise, (b) cannot be used in conjunction with other promotions, offers, privileges, discounts, vouchers, loyalty programmes, set menus, privilege card(s) and are mutually exclusive, (c) are valid for dine-in only, unless stated otherwise and (d) may be subjected to prevailing government taxes and services charges, where applicable. CIMB Bank General Terms and Conditions apply. All information is correct at the time of printing. Other Terms and Conditions apply.",0,0,0,0,Dining,0,0,0
211_61,211,"Sheraton Towers Singapore Hotel, DOMVS, the Italian Restaurant","Sheraton Towers Singapore Hotel, DOMVS, the Italian Restaurant",• 10% off total food bill,• 10% off total food bill,0,Not available,0,http://www.cimbbank.com.sg/promo/epicure/,0,0,0,2015-10-31 T23:59:59,CIMB_61,211_CIMB_61,"Sheraton Towers Singapore Hotel, DOMVS, the Italian Restaurant",0,0,All,"Offers are valid till 31 October 2015 unless stated otherwise. Payment must be made with CIMB Credit Cards. All offers (a) are not applicable on Eves of Public Holidays, Public Holidays and special occasions/festive periods, including but not limited to Valentine’s Day, Mother’s Day, Father’s Day and 15 days of Chinese New Year, unless stated otherwise, (b) cannot be used in conjunction with other promotions, offers, privileges, discounts, vouchers, loyalty programmes, set menus, privilege card(s) and are mutually exclusive, (c) are valid for dine-in only, unless stated otherwise and (d) may be subjected to prevailing government taxes and services charges, where applicable. CIMB Bank General Terms and Conditions apply. All information is correct at the time of printing. Other Terms and Conditions apply.",0,0,0,0,Dining,0,0,0
211_62,211,Latteria Mozzarella Bar,Latteria Mozzarella Bar,• 10% off total food bill • Valid for à la carte menu on weekday lunch only,• 10% off total food bill • Valid for à la carte menu on weekday lunch only,0,Not available,0,http://www.cimbbank.com.sg/promo/epicure/,0,0,0,2015-10-31 T23:59:59,CIMB_62,211_CIMB_62,Latteria Mozzarella Bar,0,0,All,"Offers are valid till 31 October 2015 unless stated otherwise. Payment must be made with CIMB Credit Cards. All offers (a) are not applicable on Eves of Public Holidays, Public Holidays and special occasions/festive periods, including but not limited to Valentine’s Day, Mother’s Day, Father’s Day and 15 days of Chinese New Year, unless stated otherwise, (b) cannot be used in conjunction with other promotions, offers, privileges, discounts, vouchers, loyalty programmes, set menus, privilege card(s) and are mutually exclusive, (c) are valid for dine-in only, unless stated otherwise and (d) may be subjected to prevailing government taxes and services charges, where applicable. CIMB Bank General Terms and Conditions apply. All information is correct at the time of printing. Other Terms and Conditions apply.",0,0,0,0,Dining,0,0,0
211_63,211,"Shangri-La's Rasa Sentosa Resort & Spa, Singapore, Trapizza","Shangri-La's Rasa Sentosa Resort & Spa, Singapore, Trapizza",• 10% off total bill,• 10% off total bill,0,Not available,0,http://www.cimbbank.com.sg/promo/epicure/,0,0,0,2015-10-31 T23:59:59,CIMB_63,211_CIMB_63,"Shangri-La's Rasa Sentosa Resort & Spa, Singapore, Trapizza",0,0,All,"Offers are valid till 31 October 2015 unless stated otherwise. Payment must be made with CIMB Credit Cards. All offers (a) are not applicable on Eves of Public Holidays, Public Holidays and special occasions/festive periods, including but not limited to Valentine’s Day, Mother’s Day, Father’s Day and 15 days of Chinese New Year, unless stated otherwise, (b) cannot be used in conjunction with other promotions, offers, privileges, discounts, vouchers, loyalty programmes, set menus, privilege card(s) and are mutually exclusive, (c) are valid for dine-in only, unless stated otherwise and (d) may be subjected to prevailing government taxes and services charges, where applicable. CIMB Bank General Terms and Conditions apply. All information is correct at the time of printing. Other Terms and Conditions apply.",0,0,0,0,Dining,0,0,0
211_64,211,Gattopardo Ristorante di Mare,Gattopardo Ristorante di Mare,• 10% off total bill,• 10% off total bill,0,Not available,0,http://www.cimbbank.com.sg/promo/epicure/,0,0,0,2015-10-31 T23:59:59,CIMB_64,211_CIMB_64,Gattopardo Ristorante di Mare,0,0,All,"Offers are valid till 31 October 2015 unless stated otherwise. Payment must be made with CIMB Credit Cards. All offers (a) are not applicable on Eves of Public Holidays, Public Holidays and special occasions/festive periods, including but not limited to Valentine’s Day, Mother’s Day, Father’s Day and 15 days of Chinese New Year, unless stated otherwise, (b) cannot be used in conjunction with other promotions, offers, privileges, discounts, vouchers, loyalty programmes, set menus, privilege card(s) and are mutually exclusive, (c) are valid for dine-in only, unless stated otherwise and (d) may be subjected to prevailing government taxes and services charges, where applicable. CIMB Bank General Terms and Conditions apply. All information is correct at the time of printing. Other Terms and Conditions apply.",0,0,0,0,Dining,0,0,0
211_65,211,il Lido,il Lido,• 10% off total food bill • Valid for lunch and dinner,• 10% off total food bill • Valid for lunch and dinner,0,Not available,0,http://www.cimbbank.com.sg/promo/epicure/,0,0,0,2015-10-31 T23:59:59,CIMB_65,211_CIMB_65,il Lido,0,0,All,"Offers are valid till 31 October 2015 unless stated otherwise. Payment must be made with CIMB Credit Cards. All offers (a) are not applicable on Eves of Public Holidays, Public Holidays and special occasions/festive periods, including but not limited to Valentine’s Day, Mother’s Day, Father’s Day and 15 days of Chinese New Year, unless stated otherwise, (b) cannot be used in conjunction with other promotions, offers, privileges, discounts, vouchers, loyalty programmes, set menus, privilege card(s) and are mutually exclusive, (c) are valid for dine-in only, unless stated otherwise and (d) may be subjected to prevailing government taxes and services charges, where applicable. CIMB Bank General Terms and Conditions apply. All information is correct at the time of printing. Other Terms and Conditions apply.",0,0,0,0,Dining,0,0,0
211_66,211,Sabio Tapas Bar,Sabio Tapas Bar,• 10% off total bill,• 10% off total bill,0,Not available,0,http://www.cimbbank.com.sg/promo/epicure/,0,0,0,2015-07-31 T23:59:59,CIMB_66,211_CIMB_66,Sabio Tapas Bar,0,0,All,"Offers are valid till 31 October 2015 unless stated otherwise. Payment must be made with CIMB Credit Cards. All offers (a) are not applicable on Eves of Public Holidays, Public Holidays and special occasions/festive periods, including but not limited to Valentine’s Day, Mother’s Day, Father’s Day and 15 days of Chinese New Year, unless stated otherwise, (b) cannot be used in conjunction with other promotions, offers, privileges, discounts, vouchers, loyalty programmes, set menus, privilege card(s) and are mutually exclusive, (c) are valid for dine-in only, unless stated otherwise and (d) may be subjected to prevailing government taxes and services charges, where applicable. CIMB Bank General Terms and Conditions apply. All information is correct at the time of printing. Other Terms and Conditions apply.",0,0,0,0,Dining,0,0,0
211_67,211,Sabio By The Sea,Sabio By The Sea,• 10% off total bill,• 10% off total bill,0,Not available,0,http://www.cimbbank.com.sg/promo/epicure/,0,0,0,2015-07-31 T23:59:59,CIMB_67,211_CIMB_67,Sabio By The Sea,0,0,All,"Offers are valid till 31 October 2015 unless stated otherwise. Payment must be made with CIMB Credit Cards. All offers (a) are not applicable on Eves of Public Holidays, Public Holidays and special occasions/festive periods, including but not limited to Valentine’s Day, Mother’s Day, Father’s Day and 15 days of Chinese New Year, unless stated otherwise, (b) cannot be used in conjunction with other promotions, offers, privileges, discounts, vouchers, loyalty programmes, set menus, privilege card(s) and are mutually exclusive, (c) are valid for dine-in only, unless stated otherwise and (d) may be subjected to prevailing government taxes and services charges, where applicable. CIMB Bank General Terms and Conditions apply. All information is correct at the time of printing. Other Terms and Conditions apply.",0,0,0,0,Dining,0,0,0
211_68,211,Buyan Russian Restaurant & Caviar Bar,Buyan Russian Restaurant & Caviar Bar,• 10% off total bill • Not valid for fine wines,• 10% off total bill • Not valid for fine wines,0,Not available,0,http://www.cimbbank.com.sg/promo/epicure/,0,0,0,2015-10-31 T23:59:59,CIMB_68,211_CIMB_68,Buyan Russian Restaurant & Caviar Bar,0,0,All,"Offers are valid till 31 October 2015 unless stated otherwise. Payment must be made with CIMB Credit Cards. All offers (a) are not applicable on Eves of Public Holidays, Public Holidays and special occasions/festive periods, including but not limited to Valentine’s Day, Mother’s Day, Father’s Day and 15 days of Chinese New Year, unless stated otherwise, (b) cannot be used in conjunction with other promotions, offers, privileges, discounts, vouchers, loyalty programmes, set menus, privilege card(s) and are mutually exclusive, (c) are valid for dine-in only, unless stated otherwise and (d) may be subjected to prevailing government taxes and services charges, where applicable. CIMB Bank General Terms and Conditions apply. All information is correct at the time of printing. Other Terms and Conditions apply.",0,0,0,0,Dining,0,0,0
211_69,211,ME @ OUE,ME @ OUE,• 10% off total bill,• 10% off total bill,0,Not available,0,http://www.cimbbank.com.sg/promo/epicure/,0,0,0,2015-10-31 T23:59:59,CIMB_69,211_CIMB_69,ME @ OUE,0,0,All,"Offers are valid till 31 October 2015 unless stated otherwise. Payment must be made with CIMB Credit Cards. All offers (a) are not applicable on Eves of Public Holidays, Public Holidays and special occasions/festive periods, including but not limited to Valentine’s Day, Mother’s Day, Father’s Day and 15 days of Chinese New Year, unless stated otherwise, (b) cannot be used in conjunction with other promotions, offers, privileges, discounts, vouchers, loyalty programmes, set menus, privilege card(s) and are mutually exclusive, (c) are valid for dine-in only, unless stated otherwise and (d) may be subjected to prevailing government taxes and services charges, where applicable. CIMB Bank General Terms and Conditions apply. All information is correct at the time of printing. Other Terms and Conditions apply.",0,0,0,0,Dining,0,0,0
211_70,211,The Bank Bar + Bistro,The Bank Bar + Bistro,• 10% off total bill,• 10% off total bill,0,Not available,0,http://www.cimbbank.com.sg/promo/epicure/,0,0,0,2015-01-01 T23:59:59,CIMB_70,211_CIMB_70,The Bank Bar + Bistro,0,0,All,"Offers are valid till 31 October 2015 unless stated otherwise. Payment must be made with CIMB Credit Cards. All offers (a) are not applicable on Eves of Public Holidays, Public Holidays and special occasions/festive periods, including but not limited to Valentine’s Day, Mother’s Day, Father’s Day and 15 days of Chinese New Year, unless stated otherwise, (b) cannot be used in conjunction with other promotions, offers, privileges, discounts, vouchers, loyalty programmes, set menus, privilege card(s) and are mutually exclusive, (c) are valid for dine-in only, unless stated otherwise and (d) may be subjected to prevailing government taxes and services charges, where applicable. CIMB Bank General Terms and Conditions apply. All information is correct at the time of printing. Other Terms and Conditions apply.",0,0,0,0,Dining,0,0,0
211_71,211,&Made Burger Bistro,&Made Burger Bistro,• 10% off total bill,• 10% off total bill,0,Not available,0,http://www.cimbbank.com.sg/promo/epicure/,0,0,0,2015-07-31 T23:59:59,CIMB_71,211_CIMB_71,&Made Burger Bistro,0,0,All,"Offers are valid till 31 October 2015 unless stated otherwise. Payment must be made with CIMB Credit Cards. All offers (a) are not applicable on Eves of Public Holidays, Public Holidays and special occasions/festive periods, including but not limited to Valentine’s Day, Mother’s Day, Father’s Day and 15 days of Chinese New Year, unless stated otherwise, (b) cannot be used in conjunction with other promotions, offers, privileges, discounts, vouchers, loyalty programmes, set menus, privilege card(s) and are mutually exclusive, (c) are valid for dine-in only, unless stated otherwise and (d) may be subjected to prevailing government taxes and services charges, where applicable. CIMB Bank General Terms and Conditions apply. All information is correct at the time of printing. Other Terms and Conditions apply.",0,0,0,0,Dining,0,0,0
211_72,211,"Shangri-La's Rasa Sentosa Resort & Spa, Singapore, Dine on 3 - Casserole","Shangri-La's Rasa Sentosa Resort & Spa, Singapore, Dine on 3 - Casserole",• 10% off total bill,• 10% off total bill,0,Not available,0,http://www.cimbbank.com.sg/promo/epicure/,0,0,0,2015-10-31 T23:59:59,CIMB_72,211_CIMB_72,"Shangri-La's Rasa Sentosa Resort & Spa, Singapore, Dine on 3 - Casserole",0,0,All,"Offers are valid till 31 October 2015 unless stated otherwise. Payment must be made with CIMB Credit Cards. All offers (a) are not applicable on Eves of Public Holidays, Public Holidays and special occasions/festive periods, including but not limited to Valentine’s Day, Mother’s Day, Father’s Day and 15 days of Chinese New Year, unless stated otherwise, (b) cannot be used in conjunction with other promotions, offers, privileges, discounts, vouchers, loyalty programmes, set menus, privilege card(s) and are mutually exclusive, (c) are valid for dine-in only, unless stated otherwise and (d) may be subjected to prevailing government taxes and services charges, where applicable. CIMB Bank General Terms and Conditions apply. All information is correct at the time of printing. Other Terms and Conditions apply.",0,0,0,0,Dining,0,0,0
211_73,211,District 10 Bar & Restaurant,District 10 Bar & Restaurant,• 10% off à la carte menu,• 10% off à la carte menu,0,Not available,0,http://www.cimbbank.com.sg/promo/epicure/,0,0,0,2015-10-31 T23:59:59,CIMB_73,211_CIMB_73,District 10 Bar & Restaurant,0,0,All,"Offers are valid till 31 October 2015 unless stated otherwise. Payment must be made with CIMB Credit Cards. All offers (a) are not applicable on Eves of Public Holidays, Public Holidays and special occasions/festive periods, including but not limited to Valentine’s Day, Mother’s Day, Father’s Day and 15 days of Chinese New Year, unless stated otherwise, (b) cannot be used in conjunction with other promotions, offers, privileges, discounts, vouchers, loyalty programmes, set menus, privilege card(s) and are mutually exclusive, (c) are valid for dine-in only, unless stated otherwise and (d) may be subjected to prevailing government taxes and services charges, where applicable. CIMB Bank General Terms and Conditions apply. All information is correct at the time of printing. Other Terms and Conditions apply.",0,0,0,0,Dining,0,0,0
211_74,211,The Disgruntled Chef,The Disgruntled Chef,"• 10% off total bill • Only open from Tuesday to Sunday, closed on Mondays","• 10% off total bill • Only open from Tuesday to Sunday, closed on Mondays",0,Not available,0,http://www.cimbbank.com.sg/promo/epicure/,0,0,0,2015-10-31 T23:59:59,CIMB_74,211_CIMB_74,The Disgruntled Chef,0,0,All,"Offers are valid till 31 October 2015 unless stated otherwise. Payment must be made with CIMB Credit Cards. All offers (a) are not applicable on Eves of Public Holidays, Public Holidays and special occasions/festive periods, including but not limited to Valentine’s Day, Mother’s Day, Father’s Day and 15 days of Chinese New Year, unless stated otherwise, (b) cannot be used in conjunction with other promotions, offers, privileges, discounts, vouchers, loyalty programmes, set menus, privilege card(s) and are mutually exclusive, (c) are valid for dine-in only, unless stated otherwise and (d) may be subjected to prevailing government taxes and services charges, where applicable. CIMB Bank General Terms and Conditions apply. All information is correct at the time of printing. Other Terms and Conditions apply.",0,0,0,0,Dining,0,0,0
211_75,211,"Pan Pacific Orchard Singapore, 10 at Claymore","Pan Pacific Orchard Singapore, 10 at Claymore",• 10% off total bill,• 10% off total bill,0,Not available,0,http://www.cimbbank.com.sg/promo/epicure/,0,0,0,2015-10-31 T23:59:59,CIMB_75,211_CIMB_75,"Pan Pacific Orchard Singapore, 10 at Claymore",0,0,All,"Offers are valid till 31 October 2015 unless stated otherwise. Payment must be made with CIMB Credit Cards. All offers (a) are not applicable on Eves of Public Holidays, Public Holidays and special occasions/festive periods, including but not limited to Valentine’s Day, Mother’s Day, Father’s Day and 15 days of Chinese New Year, unless stated otherwise, (b) cannot be used in conjunction with other promotions, offers, privileges, discounts, vouchers, loyalty programmes, set menus, privilege card(s) and are mutually exclusive, (c) are valid for dine-in only, unless stated otherwise and (d) may be subjected to prevailing government taxes and services charges, where applicable. CIMB Bank General Terms and Conditions apply. All information is correct at the time of printing. Other Terms and Conditions apply.",0,0,0,0,Dining,0,0,0
211_76,211,"Mandarin Orchard Singapore, Triple Three","Mandarin Orchard Singapore, Triple Three",• 10% off total bill,• 10% off total bill,0,Not available,0,http://www.cimbbank.com.sg/promo/epicure/,0,0,0,2015-10-31 T23:59:59,CIMB_76,211_CIMB_76,"Mandarin Orchard Singapore, Triple Three",0,0,All,"Offers are valid till 31 October 2015 unless stated otherwise. Payment must be made with CIMB Credit Cards. All offers (a) are not applicable on Eves of Public Holidays, Public Holidays and special occasions/festive periods, including but not limited to Valentine’s Day, Mother’s Day, Father’s Day and 15 days of Chinese New Year, unless stated otherwise, (b) cannot be used in conjunction with other promotions, offers, privileges, discounts, vouchers, loyalty programmes, set menus, privilege card(s) and are mutually exclusive, (c) are valid for dine-in only, unless stated otherwise and (d) may be subjected to prevailing government taxes and services charges, where applicable. CIMB Bank General Terms and Conditions apply. All information is correct at the time of printing. Other Terms and Conditions apply.",0,0,0,0,Dining,0,0,0
211_77,211,"Rendezvous Hotel Singapore, Straits Café","Rendezvous Hotel Singapore, Straits Café",• 10% off total bill,• 10% off total bill,0,Not available,0,http://www.cimbbank.com.sg/promo/epicure/,0,0,0,2015-10-31 T23:59:59,CIMB_77,211_CIMB_77,"Rendezvous Hotel Singapore, Straits Café",0,0,All,"Offers are valid till 31 October 2015 unless stated otherwise. Payment must be made with CIMB Credit Cards. All offers (a) are not applicable on Eves of Public Holidays, Public Holidays and special occasions/festive periods, including but not limited to Valentine’s Day, Mother’s Day, Father’s Day and 15 days of Chinese New Year, unless stated otherwise, (b) cannot be used in conjunction with other promotions, offers, privileges, discounts, vouchers, loyalty programmes, set menus, privilege card(s) and are mutually exclusive, (c) are valid for dine-in only, unless stated otherwise and (d) may be subjected to prevailing government taxes and services charges, where applicable. CIMB Bank General Terms and Conditions apply. All information is correct at the time of printing. Other Terms and Conditions apply.",0,0,0,0,Dining,0,0,0
211_78,211,"Shangri-La's Rasa Sentosa Resort & Spa, Singapore, Atmosphere by the Sea","Shangri-La's Rasa Sentosa Resort & Spa, Singapore, Atmosphere by the Sea",• 10% off total bill,• 10% off total bill,0,Not available,0,http://www.cimbbank.com.sg/promo/epicure/,0,0,0,2015-10-31 T23:59:59,CIMB_78,211_CIMB_78,"Shangri-La's Rasa Sentosa Resort & Spa, Singapore, Atmosphere by the Sea",0,0,All,"Offers are valid till 31 October 2015 unless stated otherwise. Payment must be made with CIMB Credit Cards. All offers (a) are not applicable on Eves of Public Holidays, Public Holidays and special occasions/festive periods, including but not limited to Valentine’s Day, Mother’s Day, Father’s Day and 15 days of Chinese New Year, unless stated otherwise, (b) cannot be used in conjunction with other promotions, offers, privileges, discounts, vouchers, loyalty programmes, set menus, privilege card(s) and are mutually exclusive, (c) are valid for dine-in only, unless stated otherwise and (d) may be subjected to prevailing government taxes and services charges, where applicable. CIMB Bank General Terms and Conditions apply. All information is correct at the time of printing. Other Terms and Conditions apply.",0,0,0,0,Dining,0,0,0
211_79,211,"Shangri-La's Rasa Sentosa Resort & Spa, Singapore, Dine on 3 - Silver Shell Café","Shangri-La's Rasa Sentosa Resort & Spa, Singapore, Dine on 3 - Silver Shell Café",• 10% off total bill,• 10% off total bill,0,Not available,0,http://www.cimbbank.com.sg/promo/epicure/,0,0,0,2015-10-31 T23:59:59,CIMB_79,211_CIMB_79,"Shangri-La's Rasa Sentosa Resort & Spa, Singapore, Dine on 3 - Silver Shell Café",0,0,All,"Offers are valid till 31 October 2015 unless stated otherwise. Payment must be made with CIMB Credit Cards. All offers (a) are not applicable on Eves of Public Holidays, Public Holidays and special occasions/festive periods, including but not limited to Valentine’s Day, Mother’s Day, Father’s Day and 15 days of Chinese New Year, unless stated otherwise, (b) cannot be used in conjunction with other promotions, offers, privileges, discounts, vouchers, loyalty programmes, set menus, privilege card(s) and are mutually exclusive, (c) are valid for dine-in only, unless stated otherwise and (d) may be subjected to prevailing government taxes and services charges, where applicable. CIMB Bank General Terms and Conditions apply. All information is correct at the time of printing. Other Terms and Conditions apply.",0,0,0,0,Dining,0,0,0
211_80,211,"Village Hotel Changi, Saltwater Café","Village Hotel Changi, Saltwater Café",• 10% off total bill,• 10% off total bill,0,Not available,0,http://www.cimbbank.com.sg/promo/epicure/,0,0,0,2015-10-31 T23:59:59,CIMB_80,211_CIMB_80,"Village Hotel Changi, Saltwater Café",0,0,All,"Offers are valid till 31 October 2015 unless stated otherwise. Payment must be made with CIMB Credit Cards. All offers (a) are not applicable on Eves of Public Holidays, Public Holidays and special occasions/festive periods, including but not limited to Valentine’s Day, Mother’s Day, Father’s Day and 15 days of Chinese New Year, unless stated otherwise, (b) cannot be used in conjunction with other promotions, offers, privileges, discounts, vouchers, loyalty programmes, set menus, privilege card(s) and are mutually exclusive, (c) are valid for dine-in only, unless stated otherwise and (d) may be subjected to prevailing government taxes and services charges, where applicable. CIMB Bank General Terms and Conditions apply. All information is correct at the time of printing. Other Terms and Conditions apply.",0,0,0,0,Dining,0,0,0
211_81,211,"Village Hotel Katong, Katong Kitchen","Village Hotel Katong, Katong Kitchen",• 10% off total bill,• 10% off total bill,0,Not available,0,http://www.cimbbank.com.sg/promo/epicure/,0,0,0,2015-10-31 T23:59:59,CIMB_81,211_CIMB_81,"Village Hotel Katong, Katong Kitchen",0,0,All,"Offers are valid till 31 October 2015 unless stated otherwise. Payment must be made with CIMB Credit Cards. All offers (a) are not applicable on Eves of Public Holidays, Public Holidays and special occasions/festive periods, including but not limited to Valentine’s Day, Mother’s Day, Father’s Day and 15 days of Chinese New Year, unless stated otherwise, (b) cannot be used in conjunction with other promotions, offers, privileges, discounts, vouchers, loyalty programmes, set menus, privilege card(s) and are mutually exclusive, (c) are valid for dine-in only, unless stated otherwise and (d) may be subjected to prevailing government taxes and services charges, where applicable. CIMB Bank General Terms and Conditions apply. All information is correct at the time of printing. Other Terms and Conditions apply.",0,0,0,0,Dining,0,0,0
211_82,211,"Sofitel So Singapore, Xperience Restaurant & Bar","Sofitel So Singapore, Xperience Restaurant & Bar",• Complimentary bottle of house wine with minimum 4 main courses ordered per dining.,• Complimentary bottle of house wine with minimum 4 main courses ordered per dining.,0,Not available,0,http://www.cimbbank.com.sg/promo/epicure/,0,0,0,2015-10-31 T23:59:59,CIMB_82,211_CIMB_82,"Sofitel So Singapore, Xperience Restaurant & Bar",0,0,All,"Offers are valid till 31 October 2015 unless stated otherwise. Payment must be made with CIMB Credit Cards. All offers (a) are not applicable on Eves of Public Holidays, Public Holidays and special occasions/festive periods, including but not limited to Valentine’s Day, Mother’s Day, Father’s Day and 15 days of Chinese New Year, unless stated otherwise, (b) cannot be used in conjunction with other promotions, offers, privileges, discounts, vouchers, loyalty programmes, set menus, privilege card(s) and are mutually exclusive, (c) are valid for dine-in only, unless stated otherwise and (d) may be subjected to prevailing government taxes and services charges, where applicable. CIMB Bank General Terms and Conditions apply. All information is correct at the time of printing. Other Terms and Conditions apply.",0,0,0,0,Dining,0,0,0
211_83,211,PISCO South American Kitchen & Bar,PISCO South American Kitchen & Bar,• 10% off total bill,• 10% off total bill,0,Not available,0,http://www.cimbbank.com.sg/promo/epicure/,0,0,0,2015-07-31 T23:59:59,CIMB_83,211_CIMB_83,PISCO South American Kitchen & Bar,0,0,All,"Offers are valid till 31 October 2015 unless stated otherwise. Payment must be made with CIMB Credit Cards. All offers (a) are not applicable on Eves of Public Holidays, Public Holidays and special occasions/festive periods, including but not limited to Valentine’s Day, Mother’s Day, Father’s Day and 15 days of Chinese New Year, unless stated otherwise, (b) cannot be used in conjunction with other promotions, offers, privileges, discounts, vouchers, loyalty programmes, set menus, privilege card(s) and are mutually exclusive, (c) are valid for dine-in only, unless stated otherwise and (d) may be subjected to prevailing government taxes and services charges, where applicable. CIMB Bank General Terms and Conditions apply. All information is correct at the time of printing. Other Terms and Conditions apply.",0,0,0,0,Dining,0,0,0
211_84,211,BWB | Burger VS Wings + Bar,BWB | Burger VS Wings + Bar,• 10% off total bill,• 10% off total bill,0,Not available,0,http://www.cimbbank.com.sg/promo/epicure/,0,0,0,2015-10-31 T23:59:59,CIMB_84,211_CIMB_84,BWB | Burger VS Wings + Bar,0,0,All,"Offers are valid till 31 October 2015 unless stated otherwise. Payment must be made with CIMB Credit Cards. All offers (a) are not applicable on Eves of Public Holidays, Public Holidays and special occasions/festive periods, including but not limited to Valentine’s Day, Mother’s Day, Father’s Day and 15 days of Chinese New Year, unless stated otherwise, (b) cannot be used in conjunction with other promotions, offers, privileges, discounts, vouchers, loyalty programmes, set menus, privilege card(s) and are mutually exclusive, (c) are valid for dine-in only, unless stated otherwise and (d) may be subjected to prevailing government taxes and services charges, where applicable. CIMB Bank General Terms and Conditions apply. All information is correct at the time of printing. Other Terms and Conditions apply.",0,0,0,0,Dining,0,0,0
211_85,211,Pepper Steakhouse & Bistro,Pepper Steakhouse & Bistro,• 10% off total bill,• 10% off total bill,0,Not available,0,http://www.cimbbank.com.sg/promo/epicure/,0,0,0,2015-10-31 T23:59:59,CIMB_85,211_CIMB_85,Pepper Steakhouse & Bistro,0,0,All,"Offers are valid till 31 October 2015 unless stated otherwise. Payment must be made with CIMB Credit Cards. All offers (a) are not applicable on Eves of Public Holidays, Public Holidays and special occasions/festive periods, including but not limited to Valentine’s Day, Mother’s Day, Father’s Day and 15 days of Chinese New Year, unless stated otherwise, (b) cannot be used in conjunction with other promotions, offers, privileges, discounts, vouchers, loyalty programmes, set menus, privilege card(s) and are mutually exclusive, (c) are valid for dine-in only, unless stated otherwise and (d) may be subjected to prevailing government taxes and services charges, where applicable. CIMB Bank General Terms and Conditions apply. All information is correct at the time of printing. Other Terms and Conditions apply.",0,0,0,0,Dining,0,0,0
211_86,211,&SONS,&SONS,• 10% off total food bill • Valid for dinner only,• 10% off total food bill • Valid for dinner only,0,Not available,0,http://www.cimbbank.com.sg/promo/epicure/,0,0,0,2015-10-31 T23:59:59,CIMB_86,211_CIMB_86,&SONS,0,0,All,"Offers are valid till 31 October 2015 unless stated otherwise. Payment must be made with CIMB Credit Cards. All offers (a) are not applicable on Eves of Public Holidays, Public Holidays and special occasions/festive periods, including but not limited to Valentine’s Day, Mother’s Day, Father’s Day and 15 days of Chinese New Year, unless stated otherwise, (b) cannot be used in conjunction with other promotions, offers, privileges, discounts, vouchers, loyalty programmes, set menus, privilege card(s) and are mutually exclusive, (c) are valid for dine-in only, unless stated otherwise and (d) may be subjected to prevailing government taxes and services charges, where applicable. CIMB Bank General Terms and Conditions apply. All information is correct at the time of printing. Other Terms and Conditions apply.",0,0,0,0,Dining,0,0,0
211_87,211,83 Club Street,83 Club Street,• 10% off total bill,• 10% off total bill,0,Not available,0,http://www.cimbbank.com.sg/promo/epicure/,0,0,0,2015-07-31 T23:59:59,CIMB_87,211_CIMB_87,83 Club Street,0,0,All,"Offers are valid till 31 October 2015 unless stated otherwise. Payment must be made with CIMB Credit Cards. All offers (a) are not applicable on Eves of Public Holidays, Public Holidays and special occasions/festive periods, including but not limited to Valentine’s Day, Mother’s Day, Father’s Day and 15 days of Chinese New Year, unless stated otherwise, (b) cannot be used in conjunction with other promotions, offers, privileges, discounts, vouchers, loyalty programmes, set menus, privilege card(s) and are mutually exclusive, (c) are valid for dine-in only, unless stated otherwise and (d) may be subjected to prevailing government taxes and services charges, where applicable. CIMB Bank General Terms and Conditions apply. All information is correct at the time of printing. Other Terms and Conditions apply.",0,0,0,0,Dining,0,0,0
211_88,211,"Carlton City Hotel Singapore, Graffiti Sky Bar","Carlton City Hotel Singapore, Graffiti Sky Bar","• 10% off à la carte menu • Not valid on private events and functions, kids menu items, happy hour and full bottle sales","• 10% off à la carte menu • Not valid on private events and functions, kids menu items, happy hour and full bottle sales",0,Not available,0,http://www.cimbbank.com.sg/promo/epicure/,0,0,0,2015-10-31 T23:59:59,CIMB_88,211_CIMB_88,"Carlton City Hotel Singapore, Graffiti Sky Bar",0,0,All,"Offers are valid till 31 October 2015 unless stated otherwise. Payment must be made with CIMB Credit Cards. All offers (a) are not applicable on Eves of Public Holidays, Public Holidays and special occasions/festive periods, including but not limited to Valentine’s Day, Mother’s Day, Father’s Day and 15 days of Chinese New Year, unless stated otherwise, (b) cannot be used in conjunction with other promotions, offers, privileges, discounts, vouchers, loyalty programmes, set menus, privilege card(s) and are mutually exclusive, (c) are valid for dine-in only, unless stated otherwise and (d) may be subjected to prevailing government taxes and services charges, where applicable. CIMB Bank General Terms and Conditions apply. All information is correct at the time of printing. Other Terms and Conditions apply.",0,0,0,0,Dining,0,0,0
211_89,211,"Carlton Hotel Singapore, Gravity Bar","Carlton Hotel Singapore, Gravity Bar",• 10% off total bill,• 10% off total bill,0,Not available,0,http://www.cimbbank.com.sg/promo/epicure/,0,0,0,2015-10-31 T23:59:59,CIMB_89,211_CIMB_89,"Carlton Hotel Singapore, Gravity Bar",0,0,All,"Offers are valid till 31 October 2015 unless stated otherwise. Payment must be made with CIMB Credit Cards. All offers (a) are not applicable on Eves of Public Holidays, Public Holidays and special occasions/festive periods, including but not limited to Valentine’s Day, Mother’s Day, Father’s Day and 15 days of Chinese New Year, unless stated otherwise, (b) cannot be used in conjunction with other promotions, offers, privileges, discounts, vouchers, loyalty programmes, set menus, privilege card(s) and are mutually exclusive, (c) are valid for dine-in only, unless stated otherwise and (d) may be subjected to prevailing government taxes and services charges, where applicable. CIMB Bank General Terms and Conditions apply. All information is correct at the time of printing. Other Terms and Conditions apply.",0,0,0,0,Dining,0,0,0
211_90,211,"Shangri-La's Rasa Sentosa Resort & Spa, Singapore, The Terrace","Shangri-La's Rasa Sentosa Resort & Spa, Singapore, The Terrace",• 10% off total bill,• 10% off total bill,0,Not available,0,http://www.cimbbank.com.sg/promo/epicure/,0,0,0,2015-10-31 T23:59:59,CIMB_90,211_CIMB_90,"Shangri-La's Rasa Sentosa Resort & Spa, Singapore, The Terrace",0,0,All,"Offers are valid till 31 October 2015 unless stated otherwise. Payment must be made with CIMB Credit Cards. All offers (a) are not applicable on Eves of Public Holidays, Public Holidays and special occasions/festive periods, including but not limited to Valentine’s Day, Mother’s Day, Father’s Day and 15 days of Chinese New Year, unless stated otherwise, (b) cannot be used in conjunction with other promotions, offers, privileges, discounts, vouchers, loyalty programmes, set menus, privilege card(s) and are mutually exclusive, (c) are valid for dine-in only, unless stated otherwise and (d) may be subjected to prevailing government taxes and services charges, where applicable. CIMB Bank General Terms and Conditions apply. All information is correct at the time of printing. Other Terms and Conditions apply.",0,0,0,0,Dining,0,0,0