Deal_Id,ProviderDeal_ID,Full_Title,Short_Title,Full_Desc,Short_Desc,all_details,Outlets,PostalCodes,DealSite_URL,DealImage_URL,HighlightImage_URL,Start_Date,End_Date,Merchant_ID,ProviderMerchant_ID,Merchant_Name,Merchant_Image_URL,MerchantWebsite_URL,Card_Type,Terms_and_Conditions,CardImages_URL,isFeatured,homeFeatured,isOnlineMerchant,category,subCategory,keywords,bookmark
212_126921,212,Bread Street Kitchen by Gordon Ramsey,Bread Street Kitchen by Gordon Ramsey,"10% off total bill with minimum spend of SGD200","10% off total bill with minimum spend of SGD200",0,"Addr: 10 Bayfront Avenue, The Shoppes at Marina Bay Sands, Bay Level, L1-81; Postal: 018956; Coord: 1.282275, 103.858322",None,http://www.citiworldprivileges.com/sg/search/?ot_page=&country=SG&city=&offer_type=&offer_sub_type=&keyword=,http://www.citiworldprivileges.com/data/images/offer_details/desktop/offer_merc_image_126921.jpg,0,0,2016-06-01 T23:59:59,CITI_126921,212_CITI_126921,Bread Street Kitchen by Gordon Ramsey,0,0,All,"- Not valid on eve of Public Holidays and Public Holidays.
- Offer valid when payment is made with Citibank Credit or Debit Card.
- Not valid on special menu days with other offers and promotions unless otherwise stated.
- *ULTIMA and Prestige Cardmembers must inform the restaurant at the Time of Booking if they will be paying by Citibank ULTIMA or Prestige cards.
- Marina Bay Sands reserves the right to make changes and modifications to the promotion with prior notice.
- Valid for dine-in only.
- General terms and conditions apply.",0,0,0,0,Dining,Not available,0,0
212_122547,212,"Cafe 2000, M Hotel","Cafe 2000, M Hotel","15% off food bill for lunch (Monday to Thursday)","15% off food bill for lunch (Monday to Thursday)",0,"Addr: 81 Anson Road; Postal: 079908; Coord: 1.273935, 103.845123",None,http://www.citiworldprivileges.com/sg/search/?ot_page=&country=SG&city=&offer_type=&offer_sub_type=&keyword=,http://www.citiworldprivileges.com/data/images/offer_details/desktop/offer_merc_image_122547.jpg,0,0,2015-12-31 T23:59:59,CITI_122547,212_CITI_122547,"Cafe 2000, M Hotel",0,0,All,"- Not valid for functions, banquets or catering functions. 
- Not valid with other promotions, discount cards, promotional vouchers and in-house offer discount cards.",0,0,0,0,Dining,Not available,0,0
212_122531,212,"Cafe Brio's, Grand Copthorne Waterfront","Cafe Brio's, Grand Copthorne Waterfront",15% off total food bill,15% off total food bill,0,"Addr: 392 Havelock Road; Postal: 169663; Coord: 1.290300, 103.835175",None,http://www.citiworldprivileges.com/sg/search/?ot_page=&country=SG&city=&offer_type=&offer_sub_type=&keyword=,http://www.citiworldprivileges.com/data/images/offer_details/desktop/offer_merc_image_122531.jpg,0,0,2015-12-31 T23:59:59,CITI_122531,212_CITI_122531,"Cafe Brio's, Grand Copthorne Waterfront",0,0,All,"- Not valid for functions, banquets or catering functions. 
- Not valid with other promotions, discount cards, promotional vouchers and in-house offer discount cards.",0,0,0,0,Dining,Not available,0,0
212_120877,212,"Cafe Mosaic, Carlton Hotel Singapore","Cafe Mosaic, Carlton Hotel Singapore",15% off total bill,15% off total bill,0,"Addr: 76 Bras Basah Road; Postal: 189558; Coord: 1.295621, 103.852707",None,http://www.citiworldprivileges.com/sg/search/?ot_page=&country=SG&city=&offer_type=&offer_sub_type=&keyword=,http://www.citiworldprivileges.com/data/images/offer_details/desktop/offer_merc_image_120877.jpg,0,0,2015-12-31 T23:59:59,CITI_120877,212_CITI_120877,"Cafe Mosaic, Carlton Hotel Singapore",0,0,All,"- Up to a maximum of 12 guests per table per bill. Strictly no splitting of bill.
- Offer is not valid on all festive meal periods, eve of and on Public Holidays, unless otherwise stated.
- Offer cannot be used in conjunction with other promotions, discounts, vouchers, loyalty program or privileges.",0,0,0,0,Dining,Not available,0,0
212_126911,212,Canvas,Canvas,"15% off with a minimum spend of SGD100* ","15% off with a minimum spend of SGD100* ",0,"Addr: 20 Upper Circular Road, #B1-01/16 The Riverwalk; Postal: 058416; Coord: 1.288931, 103.848122",None,http://www.citiworldprivileges.com/sg/search/?ot_page=&country=SG&city=&offer_type=&offer_sub_type=&keyword=,http://www.citiworldprivileges.com/data/images/offer_details/desktop/offer_merc_image_126911.jpg,0,0,2016-06-30 T23:59:59,CITI_126911,212_CITI_126911,Canvas,0,0,All,"- *Not valid for Happy Hour and promotional items.
- ^Not valid for promotional bottles.
- General terms and conditions apply.",0,0,0,0,Dining,Not available,0,0
212_120889,212,"Cassia, Capella Singapore","Cassia, Capella Singapore","Citibank ULTIMA Card","Citibank ULTIMA Card",0,"Addr: 1 The Knolls, Sentosa; Postal: 098297; Coord: 1.322938, 103.917336",None,http://www.citiworldprivileges.com/sg/search/?ot_page=&country=SG&city=&offer_type=&offer_sub_type=&keyword=,http://www.citiworldprivileges.com/data/images/offer_details/desktop/offer_merc_image_120889.jpg,0,0,2015-12-31 T23:59:59,CITI_120889,212_CITI_120889,"Cassia, Capella Singapore",0,0,All,"- Valid for dine-in only. 
- Not applicable for set menus, Sunday Brunch and special events. 
- Not valid on eve of and on Public Holidays, including 15 days of Chinese New Year and blackout dates. 
- General terms and conditions apply.",0,0,0,0,Dining,Not available,0,0
212_92749,212,CHANG Korean BBQ Restaurant (Dempsey),CHANG Korean BBQ Restaurant (Dempsey),10% off on the food bill and complimentary Homemade Korean...,10% off on the food bill and complimentary Homemade Korean...,0,"Addr: Blk 18C Dempsey Road Tanglin Village; Postal: 249677; Coord: 1.305838, 103.810829",None,http://www.citiworldprivileges.com/sg/search/?ot_page=&country=SG&city=&offer_type=&offer_sub_type=&keyword=,http://www.citiworldprivileges.com/data/images/offer_details/desktop/,0,0,2015-12-31 T23:59:59,CITI_92749,212_CITI_92749,CHANG Korean BBQ Restaurant (Dempsey),0,0,All,Valid from Monday to Friday (Lunch) & Monday to Thursday (Dinner) only.,0,0,0,0,Dining,Not available,0,0
212_103571,212,Citadines Mount Sophia,Citadines Mount Sophia,5% off best flexible rates,5% off best flexible rates,0,"Addr: 8 Wilkie Road, #01-26 Wilkie Edge; Postal: 228095; Coord: 1.302122, 103.849510",None,http://www.citiworldprivileges.com/sg/search/?ot_page=&country=SG&city=&offer_type=&offer_sub_type=&keyword=,http://www.citiworldprivileges.com/data/images/offer_details/desktop/citadines-mount-sophia.jpg,0,0,2015-12-31 T23:59:59,CITI_103571,212_CITI_103571,Citadines Mount Sophia,0,0,All,General terms and conditions apply.,0,0,0,0,Travel,Not available,0,0
212_122529,212,"Connections Lounge, Copthorne King's Hotel","Connections Lounge, Copthorne King's Hotel",15% off drinks after happy hour,15% off drinks after happy hour,0,"Addr: 403 Havelock Road; Postal: 169632; Coord: 1.288404, 103.836319",None,http://www.citiworldprivileges.com/sg/search/?ot_page=&country=SG&city=&offer_type=&offer_sub_type=&keyword=,http://www.citiworldprivileges.com/data/images/offer_details/desktop/offer_merc_image_122529.jpg,0,0,2015-12-31 T23:59:59,CITI_122529,212_CITI_122529,"Connections Lounge, Copthorne King's Hotel",0,0,All,"- Valid from Monday to Sunday. 
- Not valid for functions, banquets or catering functions. 
- Not valid with other promotions, discount cards, promotional vouchers and in-house offer discount cards.",0,0,0,0,Dining,Not available,0,0
212_126923,212,CUT by Wolfgang Puck,CUT by Wolfgang Puck,"10% off total bill with minimum spend of SGD300","10% off total bill with minimum spend of SGD300",0,"Addr: 10 Bayfront Avenue, The Shoppes at Marina Bay Sands, Galleria Level, B1-71; Postal: 018956; Coord: 1.282275, 103.858322",None,http://www.citiworldprivileges.com/sg/search/?ot_page=&country=SG&city=&offer_type=&offer_sub_type=&keyword=,http://www.citiworldprivileges.com/data/images/offer_details/desktop/offer_merc_image_126923.jpg,0,0,2016-06-01 T23:59:59,CITI_126923,212_CITI_126923,CUT by Wolfgang Puck,0,0,All,"- Not valid on eve of Public Holidays and Public Holidays.
- Offer valid when payment is made with Citibank Credit or Debit Card.
- Not valid on special menu days with other offers and promotions unless otherwise stated.
- *ULTIMA and Prestige Cardmembers must inform the restaurant at the Time of Booking if they will be paying by Citibank ULTIMA or Prestige cards.
- Marina Bay Sands reserves the right to make changes and modifications to the promotion with prior notice.
- Valid for dine-in only.
- General terms and conditions apply.",0,0,0,0,Dining,Not available,0,0
212_126925,212,db Bistro & Oyster Bar by Daniel Boulud,db Bistro & Oyster Bar by Daniel Boulud,"10% off total bill with minimum spend of SGD200","10% off total bill with minimum spend of SGD200",0,"Addr: 10 Bayfront Avenue, The Shoppes at Marina Bay Sands, Galleria Level, B1-48; Postal: 018956; Coord: 1.282275, 103.858322",None,http://www.citiworldprivileges.com/sg/search/?ot_page=&country=SG&city=&offer_type=&offer_sub_type=&keyword=,http://www.citiworldprivileges.com/data/images/offer_details/desktop/offer_merc_image_126925.jpg,0,0,2016-06-01 T23:59:59,CITI_126925,212_CITI_126925,db Bistro & Oyster Bar by Daniel Boulud,0,0,All,"- Not valid on eve of Public Holidays and Public Holidays.
- Offer valid when payment is made with Citibank Credit or Debit Card.
- Not valid on special menu days with other offers and promotions unless otherwise stated.
- *ULTIMA and Prestige Cardmembers must inform the restaurant at the Time of Booking if they will be paying by Citibank ULTIMA or Prestige cards.
- Marina Bay Sands reserves the right to make changes and modifications to the promotion with prior notice.
- Valid for dine-in only.
- General terms and conditions apply.",0,0,0,0,Dining,Not available,0,0
212_123587,212,Eat at Taipei,Eat at Taipei,10% off total bill with a min. spend of SGD80,10% off total bill with a min. spend of SGD80,0,"Addr: 133 New Bridge Road, #01-43/44 Chinatown Point; Postal: 059413; Coord: 1.285202, 103.844940|Addr: 2 Jurong East Central 1, #03-03/18 JCube; Postal: 609731; Coord: 1.333520, 103.740280|Addr: 1 Stadium Place, #01-35 Kallang Wave; Postal: 397628; Coord: 1.280094, 103.850952",None,http://www.citiworldprivileges.com/sg/search/?ot_page=&country=SG&city=&offer_type=&offer_sub_type=&keyword=,http://www.citiworldprivileges.com/data/images/offer_details/desktop/offer_merc_image_123587.jpg,0,0,2015-12-31 T23:59:59,CITI_123587,212_CITI_123587,Eat at Taipei,0,0,All,"Not valid on eve of and on public holidays and special occasions (Valentine's Day, Mother's Day and Father's Day).",0,0,0,0,Dining,Not available,0,0
212_120893,212,"Edge, Pan Pacific Singapore","Edge, Pan Pacific Singapore"," Lunch: 10% off total bill (Mondays to Saturdays)"," Lunch: 10% off total bill (Mondays to Saturdays)",0,"Addr: 7 Raffles Boulevard; Postal: 039595; Coord: 1.291820, 103.858620",None,http://www.citiworldprivileges.com/sg/search/?ot_page=&country=SG&city=&offer_type=&offer_sub_type=&keyword=,http://www.citiworldprivileges.com/data/images/offer_details/desktop/offer_merc_image_120893.jpg,0,0,2015-12-29 T23:59:59,CITI_120893,212_CITI_120893,"Edge, Pan Pacific Singapore",0,0,All,General terms and conditions apply.,0,0,0,0,Dining,Not available,0,0
212_126927,212,Flight Bar & Lounge,Flight Bar & Lounge,10% off total bill with minimum spend of SGD200,10% off total bill with minimum spend of SGD200,0,"Addr: 10 Bayfront Avenue, Marina Bay Sands, Sands SkyPark Tower 1 Level 57; Postal: 018956; Coord: 1.282275, 103.858322",None,http://www.citiworldprivileges.com/sg/search/?ot_page=&country=SG&city=&offer_type=&offer_sub_type=&keyword=,http://www.citiworldprivileges.com/data/images/offer_details/desktop/offer_merc_image_126927.jpg,0,0,2016-06-01 T23:59:59,CITI_126927,212_CITI_126927,Flight Bar & Lounge,0,0,All,"- Not valid on eve of Public Holidays and Public Holidays.
- Offer valid when payment is made with Citibank Credit or Debit Card.
- Not valid on special menu days with other offers and promotions unless otherwise stated.
- Marina Bay Sands reserves the right to make changes and modifications to the promotion with prior notice.
- Valid for dine-in only.
- General terms and conditions apply.",0,0,0,0,Dining,Not available,0,0
212_123589,212,Fremantle Seafood Market,Fremantle Seafood Market,10% off total bill with a min. spend of SGD80,10% off total bill with a min. spend of SGD80,0,"Addr: 3E River Valley Road, #01-05/06 Traders' Market; Postal: 179024; Coord: 1.290668, 103.846207",None,http://www.citiworldprivileges.com/sg/search/?ot_page=&country=SG&city=&offer_type=&offer_sub_type=&keyword=,http://www.citiworldprivileges.com/data/images/offer_details/desktop/offer_merc_image_123589.jpg,0,0,2015-12-31 T23:59:59,CITI_123589,212_CITI_123589,Fremantle Seafood Market,0,0,All,"Not valid on eve of and on public holidays and special occasions (Valentine's Day, Mother's Day and Father's Day).",0,0,0,0,Dining,Not available,0,0
212_92757,212,Gangnam Style Restaurant,Gangnam Style Restaurant,15% off on the food bill for Platinum cards and above,15% off on the food bill for Platinum cards and above,0,"Addr: 396 Upper Bukit Timah Road, The Rail Mall; Postal: 678048; Coord: 1.358335, 103.767670",None,http://www.citiworldprivileges.com/sg/search/?ot_page=&country=SG&city=&offer_type=&offer_sub_type=&keyword=,http://www.citiworldprivileges.com/data/images/offer_details/desktop/,0,0,2015-12-31 T23:59:59,CITI_92757,212_CITI_92757,Gangnam Style Restaurant,0,0,All,Terms and Conditions Apply.,0,0,0,0,Dining,Not available,0,0
212_122537,212,"Grand Shanghai, Grand Copthorne Waterfront","Grand Shanghai, Grand Copthorne Waterfront",15% off a la carte orders,15% off a la carte orders,0,"Addr: 392 Havelock Road; Postal: 169663; Coord: 1.290300, 103.835175",None,http://www.citiworldprivileges.com/sg/search/?ot_page=&country=SG&city=&offer_type=&offer_sub_type=&keyword=,http://www.citiworldprivileges.com/data/images/offer_details/desktop/offer_merc_image_122537.jpg,0,0,2015-12-31 T23:59:59,CITI_122537,212_CITI_122537,"Grand Shanghai, Grand Copthorne Waterfront",0,0,All,"- Not valid for functions, banquets or catering functions. 
- Not valid with other promotions, discount cards, promotional vouchers and in-house offer discount cards.",0,0,0,0,Dining,Not available,0,0
212_120879,212,"Gravity Bar, Carlton Hotel Singapore","Gravity Bar, Carlton Hotel Singapore",15% off total bill with minimum spend of SGD50,15% off total bill with minimum spend of SGD50,0,"Addr: 76 Bras Basah Road; Postal: 189558; Coord: 1.295621, 103.852707",None,http://www.citiworldprivileges.com/sg/search/?ot_page=&country=SG&city=&offer_type=&offer_sub_type=&keyword=,http://www.citiworldprivileges.com/data/images/offer_details/desktop/offer_merc_image_120879.jpg,0,0,2015-12-31 T23:59:59,CITI_120879,212_CITI_120879,"Gravity Bar, Carlton Hotel Singapore",0,0,All,General terms and conditions apply.,0,0,0,0,Dining,Not available,0,0
212_120899,212,"Hai Tien Lo, Pan Pacific Singapore","Hai Tien Lo, Pan Pacific Singapore",10% off a la carte food bill (excluding takeaways and set menu),10% off a la carte food bill (excluding takeaways and set menu),0,"Addr: 7 Raffles Boulevard; Postal: 039595; Coord: 1.291820, 103.858620",None,http://www.citiworldprivileges.com/sg/search/?ot_page=&country=SG&city=&offer_type=&offer_sub_type=&keyword=,http://www.citiworldprivileges.com/data/images/offer_details/desktop/offer_merc_image_120899.jpg,0,0,2015-12-29 T23:59:59,CITI_120899,212_CITI_120899,"Hai Tien Lo, Pan Pacific Singapore",0,0,All,General terms and conditions apply.,0,0,0,0,Dining,Not available,0,0
212_124895,212,Harley-Davidson®,Harley-Davidson®,10% off regularpriced apparel and accessories,10% off regularpriced apparel and accessories,0,"Addr: 253 Alexandra Road: Komoco Motorcycles Pte Ltd, 253 Alexandra Road #01-04; Postal: 159936; Coord: 1.292095, 103.810028|Addr: Takashimaya: Takashimaya Shopping Centre, Orchard Road, #B1-30; Postal: 238873; Coord: 1.307820, 103.796860|Addr: The Shoppes at Marina Bay Sands, #01-65; Postal: 018956; Coord: 1.283186, 103.860069",None,http://www.citiworldprivileges.com/sg/search/?ot_page=&country=SG&city=&offer_type=&offer_sub_type=&keyword=,http://www.citiworldprivileges.com/data/images/offer_details/desktop/offer_merc_image_124895.jpg,0,0,2015-12-31 T23:59:59,CITI_124895,212_CITI_124895,Harley-Davidson®,0,0,All,Valid only for MotorClothes division.,0,0,0,0,Shopping,Not available,0,0
212_123591,212,Hot Stones Steak and Seafood,Hot Stones Steak and Seafood,10% off total bill with a min. spend of SGD80,10% off total bill with a min. spend of SGD80,0,"Addr: 3D River Valley Road, #01-06 Shophouse Row; Postal: 179023; Coord: 1.289943, 103.845711",None,http://www.citiworldprivileges.com/sg/search/?ot_page=&country=SG&city=&offer_type=&offer_sub_type=&keyword=,http://www.citiworldprivileges.com/data/images/offer_details/desktop/offer_merc_image_123591.jpg,0,0,2015-12-31 T23:59:59,CITI_123591,212_CITI_123591,Hot Stones Steak and Seafood,0,0,All,"Not valid on eve of and on public holidays and special occasions (Valentine's Day, Mother's Day and Father's Day).",0,0,0,0,Dining,Not available,0,0
212_122541,212,"Hua Ting, Orchard Hotel","Hua Ting, Orchard Hotel",20% off total food bill for a la carte orders,20% off total food bill for a la carte orders,0,"Addr: 442 Orchard Road; Postal: 238879; Coord: 1.307644, 103.828537",None,http://www.citiworldprivileges.com/sg/search/?ot_page=&country=SG&city=&offer_type=&offer_sub_type=&keyword=,http://www.citiworldprivileges.com/data/images/offer_details/desktop/offer_merc_image_122541.jpg,0,0,2015-12-31 T23:59:59,CITI_122541,212_CITI_122541,"Hua Ting, Orchard Hotel",0,0,All,"- Not valid for functions, banquets or catering functions. 
- Not valid with other promotions, discount cards, promotional vouchers and in-house offer discount cards.",0,0,0,0,Dining,Not available,0,0
212_126017,212,in ITALY Bar Ristorante,in ITALY Bar Ristorante,20% off total bill,20% off total bill,0,"Addr: 38 Craig Road; Postal: 089676; Coord: 1.278308, 103.841965",None,http://www.citiworldprivileges.com/sg/search/?ot_page=&country=SG&city=&offer_type=&offer_sub_type=&keyword=,http://www.citiworldprivileges.com/data/images/offer_details/desktop/offer_merc_image_126017.jpg,0,0,2016-05-31 T23:59:59,CITI_126017,212_CITI_126017,in ITALY Bar Ristorante,0,0,All,"- Not applicable to alcoholic beverages.
- Not valid for dinner on Friday and Saturday.
- Not valid on the Eve of and on Public Holidays and other special occasions.
- Not valid for set lunch and other promotions.",0,0,0,0,Dining,Not available,0,0
212_120151,212,InterContinental Singapore,InterContinental Singapore,"Man Fu Yuan, Lobby Lounge and Victoria Bar","Man Fu Yuan, Lobby Lounge and Victoria Bar",0,"Addr: 80 Middle Road; Postal: 188966; Coord: 1.299430, 103.855667",None,http://www.citiworldprivileges.com/sg/search/?ot_page=&country=SG&city=&offer_type=&offer_sub_type=&keyword=,http://www.citiworldprivileges.com/data/images/offer_details/desktop/offer_merc_image_120151.jpg,0,0,2015-12-31 T23:59:59,CITI_120151,212_CITI_120151,InterContinental Singapore,0,0,All,"- Offer valid when payment is made with a Citibank Credit or Debit card.
- Not valid with any other promotions, offers, discounts or privileges.
- Not valid on the eve of and on public holidays, and special occasions unless otherwise stated.
- Please call +65 6825 1008 or email intercontinental.dining@ihg.com for reservations or enquiries.",0,0,0,0,Dining,Not available,0,0
212_122545,212,"Intermezzo Bar, Orchard Hotel","Intermezzo Bar, Orchard Hotel",15% off house pour and beer,15% off house pour and beer,0,"Addr: 442 Orchard Road; Postal: 238879; Coord: 1.307644, 103.828537",None,http://www.citiworldprivileges.com/sg/search/?ot_page=&country=SG&city=&offer_type=&offer_sub_type=&keyword=,http://www.citiworldprivileges.com/data/images/offer_details/desktop/offer_merc_image_122545.jpg,0,0,2015-12-31 T23:59:59,CITI_122545,212_CITI_122545,"Intermezzo Bar, Orchard Hotel",0,0,All,"- Not valid for functions, banquets or catering functions. 
- Not valid with other promotions, discount cards, promotional vouchers and in-house offer discount cards.",0,0,0,0,Dining,Not available,0,0
212_120875,212,Island Cuisine,Island Cuisine,10% off total bill,10% off total bill,0,"Addr: 80 Silosa Road; Postal: 098969; Coord: 1.258124, 103.811539",None,http://www.citiworldprivileges.com/sg/search/?ot_page=&country=SG&city=&offer_type=&offer_sub_type=&keyword=,http://www.citiworldprivileges.com/data/images/offer_details/desktop/offer_merc_image_120875.jpg,0,0,2016-02-29 T23:59:59,CITI_120875,212_CITI_120875,Island Cuisine,0,0,All,General terms and conditions apply.,0,0,0,0,Dining,Not available,0,0
212_120147,212,Ito-Kacho,Ito-Kacho,"For Citibank PremierMiles, Prestige and ULTIMA Cardmembers:","For Citibank PremierMiles, Prestige and ULTIMA Cardmembers:",0,"Addr: 333A Orchard Road, #04-08 Mandarin Gallery; Postal: 238897; Coord: 1.302138, 103.836502",None,http://www.citiworldprivileges.com/sg/search/?ot_page=&country=SG&city=&offer_type=&offer_sub_type=&keyword=,http://www.citiworldprivileges.com/data/images/offer_details/desktop/offer_merc_image_120147.jpg,0,0,2015-12-31 T23:59:59,CITI_120147,212_CITI_120147,Ito-Kacho,0,0,All,Valid for a la carte food menu items only. Valid for dine-in only.,0,0,0,0,Dining,Not available,0,0
212_122551,212,"J Bar, M Hotel","J Bar, M Hotel",18% off total bill (Monday and Saturday),18% off total bill (Monday and Saturday),0,"Addr: 81 Anson Road; Postal: 079908; Coord: 1.273935, 103.845123",None,http://www.citiworldprivileges.com/sg/search/?ot_page=&country=SG&city=&offer_type=&offer_sub_type=&keyword=,http://www.citiworldprivileges.com/data/images/offer_details/desktop/offer_merc_image_122551.jpg,0,0,2015-12-31 T23:59:59,CITI_122551,212_CITI_122551,"J Bar, M Hotel",0,0,All,"- Not valid for functions, banquets or catering functions. 
- Not valid with other promotions, discount cards, promotional vouchers and in-house offer discount cards.",0,0,0,0,Dining,Not available,0,0
212_123575,212,"Java+, Singapore Marriott Tang Plaza Hotel","Java+, Singapore Marriott Tang Plaza Hotel",10% off total bill,10% off total bill,0,"Addr: 320 Orchard Road; Postal: 238865; Coord: 1.305236, 103.832542",None,http://www.citiworldprivileges.com/sg/search/?ot_page=&country=SG&city=&offer_type=&offer_sub_type=&keyword=,http://www.citiworldprivileges.com/data/images/offer_details/desktop/offer_merc_image_123575.jpg,0,0,2016-04-30 T23:59:59,CITI_123575,212_CITI_123575,"Java+, Singapore Marriott Tang Plaza Hotel",0,0,All,"Not valid on eve of and on public holidays, and other special occasions. Not valid with other promotions, discount cards, promotional vouchers and in-house offer discount cards.",0,0,0,0,Dining,Not available,0,0
212_126013,212,Joo,Joo,Complimentary Joo Wings with a minimum spend of SGD150 (Sun  Wed),Complimentary Joo Wings with a minimum spend of SGD150 (Sun  Wed),0,"Addr: 5 Tan Quee Lan Street; Postal: 188094; Coord: 1.298177, 103.856926",None,http://www.citiworldprivileges.com/sg/search/?ot_page=&country=SG&city=&offer_type=&offer_sub_type=&keyword=,http://www.citiworldprivileges.com/data/images/offer_details/desktop/offer_merc_image_126013.jpg,0,0,2016-04-30 T23:59:59,CITI_126013,212_CITI_126013,Joo,0,0,All,Valid from Sunday to Wednesday only. General terms and conditions apply.,0,0,0,0,Dining,Not available,0,0
212_125125,212,Kaboom,Kaboom,10% off regularpriced books,10% off regularpriced books,0,"Addr: Singapore Changi Airport Terminal 2 Transit Lounge North, #026-097, Singapore Changi Airport: Airport Boulevard; Postal: 819643; Coord: 1.356716, 103.986511|Addr: Singapore Changi Airport Terminal 3 Transit Lounge North, #02-57, Singapore Changi Airport: Airport Boulevard; Postal: 819663; Coord: 1.356716, 103.986511",None,http://www.citiworldprivileges.com/sg/search/?ot_page=&country=SG&city=&offer_type=&offer_sub_type=&keyword=,http://www.citiworldprivileges.com/data/images/offer_details/desktop/offer_merc_image_125125.jpg,0,0,2015-12-31 T23:59:59,CITI_125125,212_CITI_125125,Kaboom,0,0,All,Offer on selected items only.,0,0,0,0,Shopping,Not available,0,0
212_120901,212,"Keyaki Japanese Restaurant, Pan Pacific Singapore","Keyaki Japanese Restaurant, Pan Pacific Singapore",10% off a la carte food bill (excluding takeaways and set menu),10% off a la carte food bill (excluding takeaways and set menu),0,"Addr: 7 Raffles Boulevard; Postal: 039595; Coord: 1.291820, 103.858620",None,http://www.citiworldprivileges.com/sg/search/?ot_page=&country=SG&city=&offer_type=&offer_sub_type=&keyword=,http://www.citiworldprivileges.com/data/images/offer_details/desktop/offer_merc_image_120901.jpg,0,0,2015-12-29 T23:59:59,CITI_120901,212_CITI_120901,"Keyaki Japanese Restaurant, Pan Pacific Singapore",0,0,All,General terms and conditions apply.,0,0,0,0,Dining,Not available,0,0
212_126913,212,"La Brasserie, The Fullerton Bay Hotel","La Brasserie, The Fullerton Bay Hotel","Citi PremierMiles, Prestige and ULTIMA Card","Citi PremierMiles, Prestige and ULTIMA Card",0,"Addr: 80 Collyer Quay; Postal: 049326; Coord: 1.283916, 103.853653",None,http://www.citiworldprivileges.com/sg/search/?ot_page=&country=SG&city=&offer_type=&offer_sub_type=&keyword=,http://www.citiworldprivileges.com/data/images/offer_details/desktop/offer_merc_image_126913.jpg,0,0,2016-06-30 T23:59:59,CITI_126913,212_CITI_126913,"La Brasserie, The Fullerton Bay Hotel",0,0,All,"- *Not valid for Saturday Brunch.
- Valid for a maximum of 8 pax per bill.
- Not valid on eve of and on public holidays as well as special occasions such as Valentine’s Day, Easter weekend, Mother’s Day weekend, Father’s Day weekend, F1 weekend and Thanksgiving Day and may include others determined by the Merchant, unless stated otherwise.
- Prior dining reservations are encouraged and it is subject to availability.
- Not valid with other promotions, discount cards, promotional vouchers and in-house offer discount cards.",0,0,0,0,Dining,Not available,0,0
212_126917,212,"Lantern, The Fullerton Bay Hotel","Lantern, The Fullerton Bay Hotel","Citi PremierMiles, Prestige and ULTIMA Card","Citi PremierMiles, Prestige and ULTIMA Card",0,"Addr: 80 Collyer Quay; Postal: 049326; Coord: 1.283916, 103.853653",None,http://www.citiworldprivileges.com/sg/search/?ot_page=&country=SG&city=&offer_type=&offer_sub_type=&keyword=,http://www.citiworldprivileges.com/data/images/offer_details/desktop/offer_merc_image_126917.jpg,0,0,2016-06-30 T23:59:59,CITI_126917,212_CITI_126917,"Lantern, The Fullerton Bay Hotel",0,0,All,"- Valid for a maximum of 8 pax per bill.
- Not valid on eve of and on public holidays as well as special occasions such as Valentine’s Day, Easter weekend, Mother’s Day weekend, Father’s Day weekend, F1 weekend and Thanksgiving Day and may include others determined by the Merchant, unless stated otherwise.
- Prior dining reservations are encouraged and it is subject to availability.
- Not valid with other promotions, discount cards, promotional vouchers and in-house offer discount cards.",0,0,0,0,Dining,Not available,0,0
212_123573,212,"Lobby Lounge, Singapore Marriott Tang Plaza Hotel","Lobby Lounge, Singapore Marriott Tang Plaza Hotel",10% off total bill,10% off total bill,0,"Addr: 320 Orchard Road; Postal: 238865; Coord: 1.305236, 103.832542",None,http://www.citiworldprivileges.com/sg/search/?ot_page=&country=SG&city=&offer_type=&offer_sub_type=&keyword=,http://www.citiworldprivileges.com/data/images/offer_details/desktop/offer_merc_image_123573.jpg,0,0,2016-04-30 T23:59:59,CITI_123573,212_CITI_123573,"Lobby Lounge, Singapore Marriott Tang Plaza Hotel",0,0,All,"Not valid on eve of and on public holidays, and other special occasions. Not valid with other promotions, discount cards, promotional vouchers and in-house offer discount cards.",0,0,0,0,Dining,Not available,0,0
212_122561,212,"Long Bar Steakhouse, Raffles","Long Bar Steakhouse, Raffles",15% off total bill,15% off total bill,0,"Addr: 1 Beach Road; Postal: 189673; Coord: 1.295791, 103.854042",None,http://www.citiworldprivileges.com/sg/search/?ot_page=&country=SG&city=&offer_type=&offer_sub_type=&keyword=,http://www.citiworldprivileges.com/data/images/offer_details/desktop/offer_merc_image_122561.jpg,0,0,2015-12-31 T23:59:59,CITI_122561,212_CITI_122561,"Long Bar Steakhouse, Raffles",0,0,All,"Not valid on Eve of and on Public Holidays and special occasions including Valentine’s Day, Chinese New Year, Mother’s Day, Formula One season, Christmas Day and New Year's Day. Not valid for premium wines and spirits.",0,0,0,0,Dining,Not available,0,0
212_122559,212,"Long Bar, Raffles","Long Bar, Raffles",15% off total bill,15% off total bill,0,"Addr: 1 Beach Road; Postal: 189673; Coord: 1.295791, 103.854042",None,http://www.citiworldprivileges.com/sg/search/?ot_page=&country=SG&city=&offer_type=&offer_sub_type=&keyword=,http://www.citiworldprivileges.com/data/images/offer_details/desktop/offer_merc_image_122559.jpg,0,0,2015-12-31 T23:59:59,CITI_122559,212_CITI_122559,"Long Bar, Raffles",0,0,All,"Not valid on Eve of and on Public Holidays and special occasions including Valentine’s Day, Chinese New Year, Mother’s Day, Formula One season, Christmas Day and New Year's Day. Not valid for premium wines and spirits.",0,0,0,0,Dining,Not available,0,0
212_126021,212,LongPlay,LongPlay,10% off with a minimum spend of SGD75,10% off with a minimum spend of SGD75,0,"Addr: 4 Haji Lane; Postal: 189197; Coord: 1.300364, 103.859482",None,http://www.citiworldprivileges.com/sg/search/?ot_page=&country=SG&city=&offer_type=&offer_sub_type=&keyword=,http://www.citiworldprivileges.com/data/images/offer_details/desktop/offer_merc_image_126021.jpg,0,0,2016-05-31 T23:59:59,CITI_126021,212_CITI_126021,LongPlay,0,0,All,General terms and conditions apply.,0,0,0,0,Dining,Not available,0,0
212_125143,212,Lotte Duty Free Shop,Lotte Duty Free Shop,For Citibank Visa Platinum Cards: Up to 15% off,For Citibank Visa Platinum Cards: Up to 15% off,0,"Addr: Singapore Changi Airport: Airport Boulevard; Postal: 819663; Coord: 1.356716, 103.986511",None,http://www.citiworldprivileges.com/sg/search/?ot_page=&country=SG&city=&offer_type=&offer_sub_type=&keyword=,http://www.citiworldprivileges.com/data/images/offer_details/desktop/offer_merc_image_125143.jpg,0,0,2016-02-14 T23:59:59,CITI_125143,212_CITI_125143,Lotte Duty Free Shop,0,0,All,"Valid for items above USSGD10. Exact discount
rate for each brand is subject to change depending on DFS
and brand policy.",0,0,0,0,Shopping,Not available,0,0
212_123569,212,Majestic Restaurant,Majestic Restaurant,"15% off dinein for food only*","15% off dinein for food only*",0,"Addr: 31-37 Bukit Pasoh Road, New Majestic Hotel; Postal: 089845; Coord: 1.279295, 103.840378",None,http://www.citiworldprivileges.com/sg/search/?ot_page=&country=SG&city=&offer_type=&offer_sub_type=&keyword=,http://www.citiworldprivileges.com/data/images/offer_details/desktop/offer_merc_image_123569.jpg,0,0,2016-02-29 T23:59:59,CITI_123569,212_CITI_123569,Majestic Restaurant,0,0,All,"*Valid for Majestic set menus for a maximum of 20 persons only. Not valid for Citibank Exclusive Chef’s set lunch and dinner menu.
Not valid for exclusive private event and special occasions. Not valid for CNY set and a la carte menus during CNY period as stated by Majestic Restaurant. Not valid with Majestic Gift Vouchers. Not valid with other discounts, promotion, vouchers, offers, gift cards and other privileges. 
^Valid for a maximum of 20 persons. Not valid on eve of and on Public Holidays, special occasions and during Chinese New Year period as stated by Majestic Restaurant. Not valid with Majestic Gift Voucher. Not valid for exclusive private event.",0,0,0,0,Dining,Not available,0,0
212_124833,212,MEV (Mothers en Vogue),MEV (Mothers en Vogue),10% off with minimum spend of SGD200 nett,10% off with minimum spend of SGD200 nett,0,"Addr: The Centrepoint #01-32, 176 Orchard Road; Postal: 238843; Coord: 1.301959, 103.839828",None,http://www.citiworldprivileges.com/sg/search/?ot_page=&country=SG&city=&offer_type=&offer_sub_type=&keyword=,http://www.citiworldprivileges.com/data/images/offer_details/desktop/offer_merc_image_124833.jpg,0,0,2015-12-31 T23:59:59,CITI_124833,212_CITI_124833,MEV (Mothers en Vogue),0,0,All,General terms and conditions apply,0,0,0,0,Shopping,Not available,0,0
212_122543,212,"Noodles, Orchard Hotel","Noodles, Orchard Hotel",15% off a la carte noodles,15% off a la carte noodles,0,"Addr: 442 Orchard Road; Postal: 238879; Coord: 1.307644, 103.828537",None,http://www.citiworldprivileges.com/sg/search/?ot_page=&country=SG&city=&offer_type=&offer_sub_type=&keyword=,http://www.citiworldprivileges.com/data/images/offer_details/desktop/offer_merc_image_122543.jpg,0,0,2015-12-31 T23:59:59,CITI_122543,212_CITI_122543,"Noodles, Orchard Hotel",0,0,All,"- Not valid for functions, banquets or catering functions. 
- Not valid with other promotions, discount cards, promotional vouchers and in-house offer discount cards.",0,0,0,0,Dining,Not available,0,0
212_122539,212,"Orchard Cafe, Orchard Hotel","Orchard Cafe, Orchard Hotel",18% off buffet,18% off buffet,0,"Addr: 442 Orchard Road; Postal: 238879; Coord: 1.307644, 103.828537",None,http://www.citiworldprivileges.com/sg/search/?ot_page=&country=SG&city=&offer_type=&offer_sub_type=&keyword=,http://www.citiworldprivileges.com/data/images/offer_details/desktop/offer_merc_image_122539.jpg,0,0,2015-12-31 T23:59:59,CITI_122539,212_CITI_122539,"Orchard Cafe, Orchard Hotel",0,0,All,"- Not valid for functions, banquets or catering functions. 
- Not valid with other promotions, discount cards, promotional vouchers and in-house offer discount cards.",0,0,0,0,Dining,Not available,0,0
212_126929,212,Osteria Mozza by Mario Batali,Osteria Mozza by Mario Batali,"10% off total bill with minimum spend of SGD200","10% off total bill with minimum spend of SGD200",0,"Addr: 10 Bayfront Avenue, The Shoppes at Marina Bay Sands, Galleria Level, B1-42; Postal: 018956; Coord: 1.282275, 103.858322",None,http://www.citiworldprivileges.com/sg/search/?ot_page=&country=SG&city=&offer_type=&offer_sub_type=&keyword=,http://www.citiworldprivileges.com/data/images/offer_details/desktop/offer_merc_image_126929.jpg,0,0,2016-06-01 T23:59:59,CITI_126929,212_CITI_126929,Osteria Mozza by Mario Batali,0,0,All,"- Not valid on eve of Public Holidays and Public Holidays.
- Offer valid when payment is made with Citibank Credit or Debit Card.
- Not valid on special menu days with other offers and promotions unless otherwise stated.
- *ULTIMA and Prestige Cardmembers must inform the restaurant at the time of booking if they will be paying by Citibank ULTIMA or Prestige cards.
- Marina Bay Sands reserves the right to make changes and modifications to the promotion with prior notice.
- Valid for dine-in only.
- General terms and conditions apply.",0,0,0,0,Dining,Not available,0,0
212_124921,212,Outdoor Sports Travel,Outdoor Sports Travel,"10% off TomTom Sports Watches and AEE quadcopters","10% off TomTom Sports Watches and AEE quadcopters",0,"Addr: Alexandra Retail Centre #02-38, 460 Alexandra Road; Postal: 119963; Coord: 1.273644, 103.801590|Addr: Kallang Wave Mall (Sports Hub) #01-65, 1 Stadium Place; Postal: 397628; Coord: 1.303329, 103.873024",None,http://www.citiworldprivileges.com/sg/search/?ot_page=&country=SG&city=&offer_type=&offer_sub_type=&keyword=,http://www.citiworldprivileges.com/data/images/offer_details/desktop/offer_merc_image_124921.jpg,0,0,2016-04-30 T23:59:59,CITI_124921,212_CITI_124921,Outdoor Sports Travel,0,0,All,"",0,0,0,0,Shopping,Not available,0,0
212_120903,212,"Pacific Marketplace, Pan Pacific Singapore","Pacific Marketplace, Pan Pacific Singapore",10% off takeaway menus,10% off takeaway menus,0,"Addr: 7 Raffles Boulevard; Postal: 039595; Coord: 1.291820, 103.858620",None,http://www.citiworldprivileges.com/sg/search/?ot_page=&country=SG&city=&offer_type=&offer_sub_type=&keyword=,http://www.citiworldprivileges.com/data/images/offer_details/desktop/offer_merc_image_120903.jpg,0,0,2015-12-29 T23:59:59,CITI_120903,212_CITI_120903,"Pacific Marketplace, Pan Pacific Singapore",0,0,All,General terms and conditions apply.,0,0,0,0,Dining,Not available,0,0
212_126909,212,Palette Restaurant & Bar,Palette Restaurant & Bar,"15% off a la carte food items (Mon  Fri)","15% off a la carte food items (Mon  Fri)",0,"Addr: 13 Stamford Road, #B1-20/27 Capitol Piazza; Postal: 178905; Coord: 1.293542, 103.851570",None,http://www.citiworldprivileges.com/sg/search/?ot_page=&country=SG&city=&offer_type=&offer_sub_type=&keyword=,http://www.citiworldprivileges.com/data/images/offer_details/desktop/offer_merc_image_126909.jpg,0,0,2016-06-30 T23:59:59,CITI_126909,212_CITI_126909,Palette Restaurant & Bar,0,0,All,General terms and conditions apply.,0,0,0,0,Dining,Not available,0,0
212_125131,212,PANDORA,PANDORA,Complimentary Pandora umbrella with minimum spend of SGD400,Complimentary Pandora umbrella with minimum spend of SGD400,0,"Addr: Singapore Changi Airport Terminal 1 Transit Lounge East, #02-61, Singapore Changi Airport: Airport Boulevard; Postal: 819642; Coord: 1.356716, 103.986511|Addr: Singapore Changi Airport Terminal 2 Transit Lounge North, #026-094, Singapore Changi Airport: Airport Boulevard; Postal: 819643; Coord: 1.356716, 103.986511|Addr: Singapore Changi Airport Terminal 2 Check-In Hall North, #026-023, Singapore Changi Airport: Airport Boulevard; Postal: 819643; Coord: 1.356716, 103.986511|Addr: Singapore Changi Airport Terminal 3 Transit Lounge South, #02-22, Singapore Changi Airport: Airport Boulevard; Postal: 819663; Coord: 1.356716, 103.986511",None,http://www.citiworldprivileges.com/sg/search/?ot_page=&country=SG&city=&offer_type=&offer_sub_type=&keyword=,http://www.citiworldprivileges.com/data/images/offer_details/desktop/offer_merc_image_125131.jpg,0,0,2016-04-30 T23:59:59,CITI_125131,212_CITI_125131,PANDORA,0,0,All,"",0,0,0,0,Shopping,Not available,0,0
212_123593,212,Patara,Patara,10% off total bill with a min. spend of SGD80,10% off total bill with a min. spend of SGD80,0,"Addr: 163 Tanglin Road, #03-14 Tanglin Mall; Postal: 247933; Coord: 1.306682, 103.827133",None,http://www.citiworldprivileges.com/sg/search/?ot_page=&country=SG&city=&offer_type=&offer_sub_type=&keyword=,http://www.citiworldprivileges.com/data/images/offer_details/desktop/offer_merc_image_123593.jpg,0,0,2015-12-31 T23:59:59,CITI_123593,212_CITI_123593,Patara,0,0,All,"Not valid on eve of and on public holidays and special occasions (Valentine's Day, Mother's Day and Father's Day).",0,0,0,0,Dining,Not available,0,0
212_108841,212,Paulaner Brauhaus,Paulaner Brauhaus,15% off total bill,15% off total bill,0,"Addr: 9 Raffles Boulevard; Postal: 039596; Coord: 1.291601, 103.860168",None,http://www.citiworldprivileges.com/sg/search/?ot_page=&country=SG&city=&offer_type=&offer_sub_type=&keyword=,http://www.citiworldprivileges.com/data/images/offer_details/desktop/,0,0,2015-12-31 T23:59:59,CITI_108841,212_CITI_108841,Paulaner Brauhaus,0,0,All,"- Valid for dine-in only at both L1 and L2. 
- Not valid for drinks during Happy Hour.
- Not valid on eve of and on Public Holidays.",0,0,0,0,Dining,Not available,0,0
212_122535,212,"Piano Bar, Grand Copthorne Waterfront","Piano Bar, Grand Copthorne Waterfront",15% off total bill,15% off total bill,0,"Addr: 392 Havelock Road; Postal: 169663; Coord: 1.290300, 103.835175",None,http://www.citiworldprivileges.com/sg/search/?ot_page=&country=SG&city=&offer_type=&offer_sub_type=&keyword=,http://www.citiworldprivileges.com/data/images/offer_details/desktop/offer_merc_image_122535.jpg,0,0,2015-12-31 T23:59:59,CITI_122535,212_CITI_122535,"Piano Bar, Grand Copthorne Waterfront",0,0,All,"- Not valid for functions, banquets or catering functions. 
- Not valid with other promotions, discount cards, promotional vouchers and in-house offer discount cards.",0,0,0,0,Dining,Not available,0,0
212_122533,212,"Pontini, Grand Copthorne Waterfront","Pontini, Grand Copthorne Waterfront",20% off total food bill,20% off total food bill,0,"Addr: 392 Havelock Road; Postal: 169663; Coord: 1.290300, 103.835175",None,http://www.citiworldprivileges.com/sg/search/?ot_page=&country=SG&city=&offer_type=&offer_sub_type=&keyword=,http://www.citiworldprivileges.com/data/images/offer_details/desktop/offer_merc_image_122533.jpg,0,0,2015-12-31 T23:59:59,CITI_122533,212_CITI_122533,"Pontini, Grand Copthorne Waterfront",0,0,All,"- Not valid for functions, banquets or catering functions. 
- Not valid with other promotions, discount cards, promotional vouchers and in-house offer discount cards.",0,0,0,0,Dining,Not available,0,0
212_120897,212,"Poolside, Pan Pacific Singapore","Poolside, Pan Pacific Singapore",20% off total bill,20% off total bill,0,"Addr: 7 Raffles Boulevard; Postal: 039595; Coord: 1.291820, 103.858620",None,http://www.citiworldprivileges.com/sg/search/?ot_page=&country=SG&city=&offer_type=&offer_sub_type=&keyword=,http://www.citiworldprivileges.com/data/images/offer_details/desktop/offer_merc_image_120897.jpg,0,0,2015-12-29 T23:59:59,CITI_120897,212_CITI_120897,"Poolside, Pan Pacific Singapore",0,0,All,General terms and conditions apply.,0,0,0,0,Dining,Not available,0,0
212_122525,212,"Princess Terrace, Copthorne King's Hotel","Princess Terrace, Copthorne King's Hotel",15% off buffet,15% off buffet,0,"Addr: 403 Havelock Road; Postal: 169632; Coord: 1.288404, 103.836319",None,http://www.citiworldprivileges.com/sg/search/?ot_page=&country=SG&city=&offer_type=&offer_sub_type=&keyword=,http://www.citiworldprivileges.com/data/images/offer_details/desktop/offer_merc_image_122525.jpg,0,0,2015-12-31 T23:59:59,CITI_122525,212_CITI_122525,"Princess Terrace, Copthorne King's Hotel",0,0,All,"- Valid from Monday to Sunday. 
- Not valid for functions, banquets or catering functions. 
- Not valid with other promotions, discount cards, promotional vouchers and in-house offer discount cards.",0,0,0,0,Dining,Not available,0,0
212_122563,212,"Raffles Courtyard, Raffles","Raffles Courtyard, Raffles",15% off total bill,15% off total bill,0,"Addr: 1 Beach Road; Postal: 189673; Coord: 1.295791, 103.854042",None,http://www.citiworldprivileges.com/sg/search/?ot_page=&country=SG&city=&offer_type=&offer_sub_type=&keyword=,http://www.citiworldprivileges.com/data/images/offer_details/desktop/offer_merc_image_122563.jpg,0,0,2015-12-31 T23:59:59,CITI_122563,212_CITI_122563,"Raffles Courtyard, Raffles",0,0,All,"Not valid on Eve of and on Public Holidays and special occasions including Valentine’s Day, Chinese New Year, Mother’s Day, Formula One season, Christmas Day and New Year's Day. Not valid for premium wines and spirits.",0,0,0,0,Dining,Not available,0,0
212_122565,212,"Raffles Grill, Raffles","Raffles Grill, Raffles",15% off total bill (excluding Business Lunch),15% off total bill (excluding Business Lunch),0,"Addr: 1 Beach Road; Postal: 189673; Coord: 1.295791, 103.854042",None,http://www.citiworldprivileges.com/sg/search/?ot_page=&country=SG&city=&offer_type=&offer_sub_type=&keyword=,http://www.citiworldprivileges.com/data/images/offer_details/desktop/offer_merc_image_122565.jpg,0,0,2015-12-31 T23:59:59,CITI_122565,212_CITI_122565,"Raffles Grill, Raffles",0,0,All,"Not valid on Eve of and on Public Holidays and special occasions including Valentine’s Day, Chinese New Year, Mother’s Day, Formula One season, Christmas Day and New Year's Day. Not valid for premium wines and spirits.",0,0,0,0,Dining,Not available,0,0
212_125121,212,Relay,Relay,10% off regularpriced books,10% off regularpriced books,0,"Addr: Singapore Changi Airport Terminal 1 Check-In East Hall, #02-84, Singapore Changi Airport: Airport Boulevard 819642; Postal: 819642; Coord: 1.362159, 103.990051|Addr: Singapore Changi Airport Terminal 1 Transit Lounge West, #02-41, Singapore Changi Airport: Airport Boulevard; Postal: 819642; Coord: 1.356716, 103.986511|Addr: Singapore Changi Airport Terminal 2 Transit Lounge North, #026-055-01/02, Singapore Changi Airport: Airport Boulevard; Postal: 819643; Coord: 1.356716, 103.986511|Addr: Singapore Changi Airport Terminal 3 Transit Lounge North, #02-43, Singapore Changi Airport: Airport Boulevard; Postal: 819663; Coord: 1.356716, 103.986511",None,http://www.citiworldprivileges.com/sg/search/?ot_page=&country=SG&city=&offer_type=&offer_sub_type=&keyword=,http://www.citiworldprivileges.com/data/images/offer_details/desktop/offer_merc_image_125121.jpg,0,0,2015-12-31 T23:59:59,CITI_125121,212_CITI_125121,Relay,0,0,All,Offer on selected items only.,0,0,0,0,Shopping,Not available,0,0
212_126023,212,Restaurant Ember,Restaurant Ember,10% off with a minimum spend of SGD120 (dinner),10% off with a minimum spend of SGD120 (dinner),0,"Addr: 50 Keong Siak Road; Postal: 089154; Coord: 1.281186, 103.841949",None,http://www.citiworldprivileges.com/sg/search/?ot_page=&country=SG&city=&offer_type=&offer_sub_type=&keyword=,http://www.citiworldprivileges.com/data/images/offer_details/desktop/offer_merc_image_126023.jpg,0,0,2016-05-31 T23:59:59,CITI_126023,212_CITI_126023,Restaurant Ember,0,0,All,"Valid for dinner only.
General terms and conditions apply.",0,0,0,0,Dining,Not available,0,0
212_123595,212,ROCKU Yakiniku,ROCKU Yakiniku,10% off total bill with a min. spend of SGD80,10% off total bill with a min. spend of SGD80,0,"Addr: 201 Victoria Street, #04-06 Bugis+; Postal: 188067; Coord: 1.300433, 103.855812",None,http://www.citiworldprivileges.com/sg/search/?ot_page=&country=SG&city=&offer_type=&offer_sub_type=&keyword=,http://www.citiworldprivileges.com/data/images/offer_details/desktop/offer_merc_image_123595.jpg,0,0,2015-12-31 T23:59:59,CITI_123595,212_CITI_123595,ROCKU Yakiniku,0,0,All,"Not valid on eve of and on public holidays and special occasions (Valentine's Day, Mother's Day and Father's Day).",0,0,0,0,Dining,Not available,0,0
212_122569,212,Royal Pavilion,Royal Pavilion,20% off total bill with a minimum spend of SGD200,20% off total bill with a minimum spend of SGD200,0,"Addr: 23 Merchant Road, Leve1 Park Regis; Postal: 058268; Coord: 1.288219, 103.844658",None,http://www.citiworldprivileges.com/sg/search/?ot_page=&country=SG&city=&offer_type=&offer_sub_type=&keyword=,http://www.citiworldprivileges.com/data/images/offer_details/desktop/offer_merc_image_122569.jpg,0,0,2016-03-31 T23:59:59,CITI_122569,212_CITI_122569,Royal Pavilion,0,0,All,"- Valid for a la carte items only. 
- Valid for dine-in only. 
- Not valid on Mother's and Father's Day weekend, Mid-Autumn Festival 2015 and Chinese New Year 2016 period. 
- Not valid with other promotions, discount cards, promotional vouchers and in-house offer discount cards.",0,0,0,0,Dining,Not available,0,0
212_118579,212,Santaro@Hinoki,Santaro@Hinoki,10% off total bill,10% off total bill,0,"Addr: 22 Cross Street, #01-50/53 China Square Central; Postal: 048421; Coord: 1.300741, 103.839653",None,http://www.citiworldprivileges.com/sg/search/?ot_page=&country=SG&city=&offer_type=&offer_sub_type=&keyword=,http://www.citiworldprivileges.com/data/images/offer_details/desktop/offer_merc_image_118579.jpg,0,0,2016-02-29 T23:59:59,CITI_118579,212_CITI_118579,Santaro@Hinoki,0,0,All,General terms and conditions apply.,0,0,0,0,Dining,Not available,0,0
212_123597,212,Shabuya,Shabuya,10% off total bill with a min. spend of SGD80,10% off total bill with a min. spend of SGD80,0,"Addr: 1 HarbourWalk, #01-102/103 Vivocity; Postal: 098585; Coord: 1.264613, 103.823013",None,http://www.citiworldprivileges.com/sg/search/?ot_page=&country=SG&city=&offer_type=&offer_sub_type=&keyword=,http://www.citiworldprivileges.com/data/images/offer_details/desktop/offer_merc_image_123597.jpg,0,0,2015-12-31 T23:59:59,CITI_123597,212_CITI_123597,Shabuya,0,0,All,"Not valid on eve of and on public holidays and special occasions (Valentine's Day, Mother's Day and Father's Day).",0,0,0,0,Dining,Not available,0,0
212_120141,212,Shangri-La Hotel,Shangri-La Hotel,10% off total bill,10% off total bill,0,"Addr: 22 Orange Grove Road; Postal: 258350; Coord: 1.310805, 103.826797",None,http://www.citiworldprivileges.com/sg/search/?ot_page=&country=SG&city=&offer_type=&offer_sub_type=&keyword=,http://www.citiworldprivileges.com/data/images/offer_details/desktop/,0,0,2015-12-31 T23:59:59,CITI_120141,212_CITI_120141,Shangri-La Hotel,0,0,All,"- Valid from Mondays to Fridays only. 
- Not valid with other promotions, discount cards, promotional vouchers and in-house offer discount cards.",0,0,0,0,Dining,Not available,0,0
212_125107,212,Shaw Theatres,Shaw Theatres,"2 regular 2D movie tickets, 1 popcorn (85 oz)","2 regular 2D movie tickets, 1 popcorn (85 oz)",0,"Addr: 200, Victoria Street, #04-02, Bugis Junction; Postal: 188021; Coord: 1.299369, 103.854919|Addr: 2, Tampines Central 5, #05-00, Century Square; Postal: 529509; Coord: 1.352299, 103.943855|Addr: 2 Jurong East Central 1, JCube, #04-11; Postal: 609731; Coord: 1.333520, 103.740280|Addr: 5th/6th Floor, Lot 1 Shoppers Mall, Choa Chu Kang Ave 4; Postal: 689812; Coord: 1.381857, 103.739647|Addr: 23, Serangoon Central, #04-64, Nex; Postal: 556083; Coord: 1.350644, 103.871803|Addr: 350, Orchard Road, 5th/6th Floor, Shaw House; Postal: 238868; Coord: 1.305487, 103.831573|Addr: 360, Balestier Road, Shaw Plaza, #04-04; Postal: 329783; Coord: 1.324989, 103.851189|Addr: 33, Sengkang West Avenue, #04-01-02/22, The Seletar Mall; Postal: 797653; Coord: 1.280094, 103.850952",None,http://www.citiworldprivileges.com/sg/search/?ot_page=&country=SG&city=&offer_type=&offer_sub_type=&keyword=,http://www.citiworldprivileges.com/data/images/offer_details/desktop/offer_merc_image_125107.jpg,0,0,2015-12-31 T23:59:59,CITI_125107,212_CITI_125107,Shaw Theatres,0,0,All,Food and beverage combo discount only.,0,0,0,0,Lifestyle & Entertainment,Not available,0,0
212_126019,212,Shinzo,Shinzo,10% off total food bill,10% off total food bill,0,"Addr: 17 Carpenter Street #01-01; Postal: 059906; Coord: 1.288250, 103.847740",None,http://www.citiworldprivileges.com/sg/search/?ot_page=&country=SG&city=&offer_type=&offer_sub_type=&keyword=,http://www.citiworldprivileges.com/data/images/offer_details/desktop/offer_merc_image_126019.jpg,0,0,2016-05-31 T23:59:59,CITI_126019,212_CITI_126019,Shinzo,0,0,All,General terms and conditions apply.,0,0,0,0,Dining,Not available,0,0
212_123599,212,Sho Teppan,Sho Teppan,10% off total bill with a min. spend of SGD80,10% off total bill with a min. spend of SGD80,0,"Addr: 252 North Bridge Road, #B1-44B Raffles City; Postal: 179103; Coord: 1.293906, 103.853348",None,http://www.citiworldprivileges.com/sg/search/?ot_page=&country=SG&city=&offer_type=&offer_sub_type=&keyword=,http://www.citiworldprivileges.com/data/images/offer_details/desktop/offer_merc_image_123599.jpg,0,0,2015-12-31 T23:59:59,CITI_123599,212_CITI_123599,Sho Teppan,0,0,All,"Not valid on eve of and on public holidays and special occasions (Valentine's Day, Mother's Day and Father's Day).",0,0,0,0,Dining,Not available,0,0
212_120881,212,"Shutters, Amara Sanctuary Resort Sentosa","Shutters, Amara Sanctuary Resort Sentosa",10% off total food bill,10% off total food bill,0,"Addr: 1 Larkhill Road, Sentosa Island; Postal: 099394; Coord: 1.253448, 103.818886",None,http://www.citiworldprivileges.com/sg/search/?ot_page=&country=SG&city=&offer_type=&offer_sub_type=&keyword=,http://www.citiworldprivileges.com/data/images/offer_details/desktop/offer_merc_image_120881.jpg,0,0,2015-12-31 T23:59:59,CITI_120881,212_CITI_120881,"Shutters, Amara Sanctuary Resort Sentosa",0,0,All,"- Not valid on Eve of and on Public Holidays and on other special occasions including Valentine's Day, Mother's Day, Father's Day, unless otherwise stated. 
- General terms and conditions apply.",0,0,0,0,Dining,Not available,0,0
212_123601,212,Siam Kitchen,Siam Kitchen,10% off total bill with a min. spend of SGD80,10% off total bill with a min. spend of SGD80,0,"Addr: 1 Jelebu Road, #02-18 Bukit Panjang Plaza; Postal: 677743; Coord: 1.379962, 103.764153|Addr: 3 Simei Street 6, #02-05 Eastpoint Mall; Postal: 528833; Coord: 1.342638, 103.952728|Addr: 180 Kitchener Road, #B2-53/54 City Square Mall; Postal: 208539; Coord: 1.311403, 103.856621|Addr: 21 Choa Chu Kang Ave 4, #02-25 Lot 1; Postal: 689812; Coord: 1.384848, 103.745049|Addr: 23 Serangoon Central, #B1-76/77 NEX; Postal: 556083; Coord: 1.350644, 103.871803",None,http://www.citiworldprivileges.com/sg/search/?ot_page=&country=SG&city=&offer_type=&offer_sub_type=&keyword=,http://www.citiworldprivileges.com/data/images/offer_details/desktop/offer_merc_image_123601.jpg,0,0,2015-12-31 T23:59:59,CITI_123601,212_CITI_123601,Siam Kitchen,0,0,All,"Not valid on eve of and on public holidays and special occasions (Valentine's Day, Mother's Day and Father's Day).",0,0,0,0,Dining,Not available,0,0
212_126933,212,Sky on 57® by Justin Quek,Sky on 57® by Justin Quek,"10% off total bill with minimum spend of SGD200","10% off total bill with minimum spend of SGD200",0,"Addr: 10 Bayfront Avenue, Marina Bay Sands, Sands SkyPark, Tower 1, Level 57; Postal: 018956; Coord: 1.282275, 103.858322",None,http://www.citiworldprivileges.com/sg/search/?ot_page=&country=SG&city=&offer_type=&offer_sub_type=&keyword=,http://www.citiworldprivileges.com/data/images/offer_details/desktop/offer_merc_image_126933.jpg,0,0,2016-06-01 T23:59:59,CITI_126933,212_CITI_126933,Sky on 57® by Justin Quek,0,0,All,"- Not valid on eve of Public Holidays and Public Holidays.
- Offer valid when payment is made with Citibank Credit or Debit Card.
- Not valid on special menu days with other offers and promotions unless otherwise stated.
- *ULTIMA and Prestige Cardmembers must inform the restaurant at the time of booking if they will be paying by Citibank ULTIMA or Prestige cards.
- Marina Bay Sands reserves the right to make changes and modifications to the promotion with prior notice.
- Valid for dine-in only.
- General terms and conditions apply.",0,0,0,0,Dining,Not available,0,0
212_108837,212,Skyve Wine Bistro,Skyve Wine Bistro,Complimentary bottle of wine.,Complimentary bottle of wine.,0,"Addr: 10 Winstedt Road, Block E #01-17; Postal: 227877; Coord: 1.310088, 103.841469",None,http://www.citiworldprivileges.com/sg/search/?ot_page=&country=SG&city=&offer_type=&offer_sub_type=&keyword=,http://www.citiworldprivileges.com/data/images/offer_details/desktop/,0,0,2016-03-31 T23:59:59,CITI_108837,212_CITI_108837,Skyve Wine Bistro,0,0,All,General terms and conditions apply.,0,0,0,0,Dining,Not available,0,0
212_125127,212,So Chocolate,So Chocolate,10% off with minimum spend of SGD80,10% off with minimum spend of SGD80,0,"Addr: Singapore Changi Airport Terminal 2 Transit Lounge North, #026-095-03, Singapore Changi Airport: Airport Boulevard; Postal: 819643; Coord: 1.356716, 103.986511|Addr: Singapore Changi Airport Terminal 2 Transit Lounge South, #026-126-01, Singapore Changi Airport: Airport Boulevard; Postal: 819643; Coord: 1.356716, 103.986511|Addr: Singapore Changi Airport Terminal 3 Transit Lounge North, #02-44 (closing in May 15), Singapore Changi Airport: Airport Boulevard; Postal: 819663; Coord: 1.356716, 103.986511",None,http://www.citiworldprivileges.com/sg/search/?ot_page=&country=SG&city=&offer_type=&offer_sub_type=&keyword=,http://www.citiworldprivileges.com/data/images/offer_details/desktop/offer_merc_image_125127.jpg,0,0,2016-04-30 T23:59:59,CITI_125127,212_CITI_125127,So Chocolate,0,0,All,General terms and conditions apply.,0,0,0,0,Dining,Not available,0,0
212_103573,212,Somerset Bencoolen,Somerset Bencoolen,"Enjoy year long special rates","Enjoy year long special rates",0,"Addr: No. 51 Bencoolen Street; Postal: 189630; Coord: 1.299001, 103.849892",None,http://www.citiworldprivileges.com/sg/search/?ot_page=&country=SG&city=&offer_type=&offer_sub_type=&keyword=,http://www.citiworldprivileges.com/data/images/offer_details/desktop/somerset-bencoolen.jpg,0,0,2015-12-31 T23:59:59,CITI_103573,212_CITI_103573,Somerset Bencoolen,0,0,All,General terms and conditions apply.,0,0,0,0,Travel,Not available,0,0
212_103575,212,Somerset Liang Court,Somerset Liang Court,"Enjoy year long special rates","Enjoy year long special rates",0,"Addr: No. 177B River Valley Road; Postal: 179032; Coord: 1.292013, 103.844093",None,http://www.citiworldprivileges.com/sg/search/?ot_page=&country=SG&city=&offer_type=&offer_sub_type=&keyword=,http://www.citiworldprivileges.com/data/images/offer_details/desktop/somerset-liang-court.jpg,0,0,2015-12-31 T23:59:59,CITI_103575,212_CITI_103575,Somerset Liang Court,0,0,All,General terms and conditions apply.,0,0,0,0,Travel,Not available,0,0
212_103577,212,Somerset Orchard,Somerset Orchard,"Enjoy year long special rates","Enjoy year long special rates",0,"Addr: No 160 Orchard Road, #06-01 OG Orchard Point (Entrance via Koek Road); Postal: 238842; Coord: 1.301394, 103.840469",None,http://www.citiworldprivileges.com/sg/search/?ot_page=&country=SG&city=&offer_type=&offer_sub_type=&keyword=,http://www.citiworldprivileges.com/data/images/offer_details/desktop/somerset-orchard-singapore.jpg,0,0,2015-12-31 T23:59:59,CITI_103577,212_CITI_103577,Somerset Orchard,0,0,All,General terms and conditions apply.,0,0,0,0,Travel,Not available,0,0
212_126025,212,Sorrel,Sorrel,10% off with a minimum spend of SGD180 (dinner),10% off with a minimum spend of SGD180 (dinner),0,"Addr: 21 Boon Tat Street #01-00; Postal: 069620; Coord: 1.281301, 103.848488",None,http://www.citiworldprivileges.com/sg/search/?ot_page=&country=SG&city=&offer_type=&offer_sub_type=&keyword=,http://www.citiworldprivileges.com/data/images/offer_details/desktop/offer_merc_image_126025.jpg,0,0,2016-05-31 T23:59:59,CITI_126025,212_CITI_126025,Sorrel,0,0,All,"Valid for dinner only.
General terms and conditions apply.",0,0,0,0,Dining,Not available,0,0
212_120139,212,Spruce,Spruce,15% off total bill with minimum spend of SGD80,15% off total bill with minimum spend of SGD80,0,"Addr: 320 Tanglin Road; Postal: 247980; Coord: 1.298467, 103.816559|Addr: 260 Upper Bukit Timah Road, #01-01; Postal: 588213; Coord: 1.349130, 103.770531",None,http://www.citiworldprivileges.com/sg/search/?ot_page=&country=SG&city=&offer_type=&offer_sub_type=&keyword=,http://www.citiworldprivileges.com/data/images/offer_details/desktop/offer_merc_image_120139.jpg,0,0,2015-12-31 T23:59:59,CITI_120139,212_CITI_120139,Spruce,0,0,All,"- Valid for dine-in only.
- Not valid for set menus.
- Not valid on eve of and on public holidays unless otherwise stated.
- Not valid with other promotions, discount cards, promotional vouchers and in-house offer discount cards.",0,0,0,0,Dining,Not available,0,0
212_122527,212,"Starscafe, Copthorne King's Hotel","Starscafe, Copthorne King's Hotel",20% off total food bill,20% off total food bill,0,"Addr: 403 Havelock Road; Postal: 169632; Coord: 1.288404, 103.836319",None,http://www.citiworldprivileges.com/sg/search/?ot_page=&country=SG&city=&offer_type=&offer_sub_type=&keyword=,http://www.citiworldprivileges.com/data/images/offer_details/desktop/offer_merc_image_122527.jpg,0,0,2015-12-31 T23:59:59,CITI_122527,212_CITI_122527,"Starscafe, Copthorne King's Hotel",0,0,All,"- Valid from Monday to Sunday. 
- Not valid for functions, banquets or catering functions. 
- Not valid with other promotions, discount cards, promotional vouchers and in-house offer discount cards.",0,0,0,0,Dining,Not available,0,0
212_123603,212,Suki-Ya,Suki-Ya,10% off total bill with a min. spend of SGD80,10% off total bill with a min. spend of SGD80,0,"Addr: 1 Jelebu Road, #02-16 Bukit Panjang Plaza; Postal: 677743; Coord: 1.379962, 103.764153|Addr: 112 East Coast Road, #03-04 112 Katong; Postal: 428802; Coord: 1.305511, 103.904625|Addr: 201 Victoria Street, #04-14/15 Bugis+; Postal: 188067; Coord: 1.300433, 103.855812|Addr: Blk 205 Hougang St 21, #02-08/09 Heartland Mall; Postal: 530205; Coord: 1.359336, 103.885208|Addr: 6 Raffles Boulevard, #02-183BC Marina Square; Postal: 039594; Coord: 1.291814, 103.858032|Addr: 68 Orchard Road, #04-63/67 Plaza Singapura; Postal: 238839; Coord: 1.300614, 103.845108|Addr: 4 Tampines Central 5, #B1-02 Tampines Mall; Postal: 529510; Coord: 1.353112, 103.943710|Addr: 799 New Upper Changi Road, #03-08/11 Bedok Point; Postal: 467351; Coord: 1.324574, 103.932297|Addr: 1 Stadium Place, #01-35 Kallang Wave; Postal: 397628; Coord: 1.280094, 103.850952",None,http://www.citiworldprivileges.com/sg/search/?ot_page=&country=SG&city=&offer_type=&offer_sub_type=&keyword=,http://www.citiworldprivileges.com/data/images/offer_details/desktop/offer_merc_image_123603.jpg,0,0,2015-12-31 T23:59:59,CITI_123603,212_CITI_123603,Suki-Ya,0,0,All,"Not valid on eve of and on public holidays and special occasions (Valentine's Day, Mother's Day and Father's Day).",0,0,0,0,Dining,Not available,0,0
212_120145,212,Sumire Yakitori House,Sumire Yakitori House,10% off with minimum spend of SGD100,10% off with minimum spend of SGD100,0,"Addr: 80 Middle Road #01-88/89; Postal: 188966; Coord: 1.299430, 103.855667",None,http://www.citiworldprivileges.com/sg/search/?ot_page=&country=SG&city=&offer_type=&offer_sub_type=&keyword=,http://www.citiworldprivileges.com/data/images/offer_details/desktop/offer_merc_image_120145.jpg,0,0,2015-12-31 T23:59:59,CITI_120145,212_CITI_120145,Sumire Yakitori House,0,0,All,Valid for dine-in only.,0,0,0,0,Dining,Not available,0,0
212_126029,212,tcc,tcc,15% off total bill with a minimum spend of SGD25,15% off total bill with a minimum spend of SGD25,0,"Addr: 370 Alexandra Road, #01-07/08 Anchorpoint; Postal: 159953; Coord: 1.288337, 103.804916|Addr: 80 Middle Road, #01-92-96 Bugis Junction; Postal: 188966; Coord: 1.299430, 103.855667|Addr: 6 Eu Tong Sen Street, #02-84/85/86 The Central; Postal: 059817; Coord: 1.288424, 103.846695|Addr: 65 Airport Boulevard, #01-22 Terminal 3 Arrival Hall; Postal: 819663; Coord: 1.356716, 103.986511|Addr: 51 Circular Road; Postal: 049406; Coord: 1.285812, 103.849533|Addr: Blk 3E River Valley Road, #01-01; Postal: 179024; Coord: 1.290668, 103.846207|Addr: 109 North Bridge Road, #01-34/35/36 Funan Digitalife Mall; Postal: 179097; Coord: 1.291330, 103.850075|Addr: 25 International Business Park #01-80, German Centre; Postal: 609916; Coord: 1.324738, 103.746780|Addr: 1 Kim Seng Promenade #01-29, Great World City; Postal: 237994; Coord: 1.293984, 103.832085|Addr: 360 Orchard Road, #01-01 International Building; Postal: 238869; Coord: 1.298846, 103.846512|Addr: 350 Orchard Road, Level 2 Isetan Scotts Shaw House; Postal: 238868; Coord: 1.305487, 103.831573|Addr: 2 Keppel Bay Vista, #02-02A, Marina at Keppel Bay; Postal: 098382; Coord: 1.264002, 103.812508|Addr: 2 Bayfront Avenue, #B2-120/120A The Shoppes at Marina Bay Sands; Postal: 018972; Coord: 1.283949, 103.858849|Addr: 9 Raffles Boulevard, #01-44/45 Millenia Walk; Postal: 039596; Coord: 1.291601, 103.860168|Addr: 238 Thomson Road, #01-56/58 Novena Square; Postal: 307683; Coord: 1.319811, 103.843979|Addr: 1 Marina Boulevard, #01-01; Postal: 018989; Coord: 1.282387, 103.852440|Addr: 178/182 Orchard Road, Peranakan Place Complex; Postal: 238847; Coord: 1.301373, 103.839249|Addr: 5 Raffles Place #B1-63/64/65, Raffles Place MRT Station; Postal: 048618; Coord: 1.284496, 103.851418|Addr: 3 Church Street, #01-01 Samsung Hub; Postal: 049483; Coord: 1.283276, 103.849632|Addr: 80 Mohamed Sultan Road, #01-01/02 The Pier @ Robertson; Postal: 239013; Coord: 1.291438, 103.840553|Addr: 1 HarbourFront Walk, #02-149 Vivo City; Postal: 098585; Coord: 1.264867, 103.822357",None,http://www.citiworldprivileges.com/sg/search/?ot_page=&country=SG&city=&offer_type=&offer_sub_type=&keyword=,http://www.citiworldprivileges.com/data/images/offer_details/desktop/offer_merc_image_126029.jpg,0,0,2016-06-30 T23:59:59,CITI_126029,212_CITI_126029,tcc,0,0,All,"- Valid for dine-in only.
- Not valid with function packages and purchase of gift vouchers.
- Not valid on eve of and on public holidays.
- Not valid with other promotions, discount cards or retail merchandises unless otherwise stated.",0,0,0,0,Dining,Not available,0,0
212_120883,212,"Thanying, Amara Sanctuary Resort Sentosa","Thanying, Amara Sanctuary Resort Sentosa",10% off total food bill,10% off total food bill,0,"Addr: 1 Larkhill Road, Sentosa Island; Postal: 099394; Coord: 1.253448, 103.818886",None,http://www.citiworldprivileges.com/sg/search/?ot_page=&country=SG&city=&offer_type=&offer_sub_type=&keyword=,http://www.citiworldprivileges.com/data/images/offer_details/desktop/offer_merc_image_120883.jpg,0,0,2015-12-31 T23:59:59,CITI_120883,212_CITI_120883,"Thanying, Amara Sanctuary Resort Sentosa",0,0,All,"- Not valid on Eve of and on Public Holidays and on other special occasions including Valentine's Day, Mother's Day, Father's Day, unless otherwise stated. 
- General terms and conditions apply.",0,0,0,0,Dining,Not available,0,0
212_126935,212,The Bar at Waku Ghin,The Bar at Waku Ghin,"10% off total bill with minimum spend of SGD200","10% off total bill with minimum spend of SGD200",0,"Addr: 10 Bayfront Avenue, The Shoppes at Marina Bay Sands, Atrium 2, L2-02; Postal: 018956; Coord: 1.282275, 103.858322",None,http://www.citiworldprivileges.com/sg/search/?ot_page=&country=SG&city=&offer_type=&offer_sub_type=&keyword=,http://www.citiworldprivileges.com/data/images/offer_details/desktop/offer_merc_image_126935.jpg,0,0,2016-06-01 T23:59:59,CITI_126935,212_CITI_126935,The Bar at Waku Ghin,0,0,All,"- Not valid on eve of Public Holidays and Public Holidays.
- Offer valid when payment is made with Citibank Credit or Debit Card.
- Not valid on special menu days with other offers and promotions unless otherwise stated.
- *ULTIMA and Prestige Cardmembers must inform the restaurant at the time of booking if they will be paying by Citibank ULTIMA or Prestige cards.
- Marina Bay Sands reserves the right to make changes and modifications to the promotion with prior notice.
- Valid for dine-in only.
- General terms and conditions apply.",0,0,0,0,Dining,Not available,0,0
212_122549,212,"The Buffet, M Hotel","The Buffet, M Hotel","18% off food bill for lunch (Monday to Friday)","18% off food bill for lunch (Monday to Friday)",0,"Addr: 81 Anson Road; Postal: 079908; Coord: 1.273935, 103.845123",None,http://www.citiworldprivileges.com/sg/search/?ot_page=&country=SG&city=&offer_type=&offer_sub_type=&keyword=,http://www.citiworldprivileges.com/data/images/offer_details/desktop/offer_merc_image_122549.jpg,0,0,2015-12-31 T23:59:59,CITI_122549,212_CITI_122549,"The Buffet, M Hotel",0,0,All,"- Not valid for functions, banquets or catering functions. 
- Not valid with other promotions, discount cards, promotional vouchers and in-house offer discount cards.",0,0,0,0,Dining,Not available,0,0
212_126937,212,The Cheese & Chocolate Bar,The Cheese & Chocolate Bar,10% off total bill,10% off total bill,0,"Addr: 10 Bayfront Avenue, Marina Bay Sands, The Club at Marina Bay Sands, Hotel Tower 2, Level 55; Postal: 018956; Coord: 1.282275, 103.858322",None,http://www.citiworldprivileges.com/sg/search/?ot_page=&country=SG&city=&offer_type=&offer_sub_type=&keyword=,http://www.citiworldprivileges.com/data/images/offer_details/desktop/offer_merc_image_126937.jpg,0,0,2016-06-01 T23:59:59,CITI_126937,212_CITI_126937,The Cheese & Chocolate Bar,0,0,All,"- Not valid on eve of Public Holidays and Public Holidays.
- Offer valid when payment is made with Citibank Credit or Debit Card.
- Not valid on special menu days with other offers and promotions unless otherwise stated.
- Marina Bay Sands reserves the right to make changes and modifications to the promotion with prior notice.
- Valid for dine-in only.
- General terms and conditions apply.",0,0,0,0,Dining,Not available,0,0
212_125135,212,The Chocolatier,The Chocolatier,10% off with minimum spend of SGD80,10% off with minimum spend of SGD80,0,"Addr: Singapore Changi Airport Terminal 2 Transit Lounge Central, #026-079, Singapore Changi Airport: Airport Boulevard; Postal: 819643; Coord: 1.356716, 103.986511|Addr: Singapore Changi Airport Terminal 2 Transit Lounge North, #027-025, Singapore Changi Airport: Airport Boulevard; Postal: 819643; Coord: 1.356716, 103.986511",None,http://www.citiworldprivileges.com/sg/search/?ot_page=&country=SG&city=&offer_type=&offer_sub_type=&keyword=,http://www.citiworldprivileges.com/data/images/offer_details/desktop/offer_merc_image_125135.jpg,0,0,2016-04-30 T23:59:59,CITI_125135,212_CITI_125135,The Chocolatier,0,0,All,General terms and conditions apply.,0,0,0,0,Dining,Not available,0,0
212_123579,212,The Chop House,The Chop House,10% off a la carte food bill (Mon to Thu),10% off a la carte food bill (Mon to Thu),0,"Addr: 1 Harbourfront Walk, #01-161-162 VivoCity; Postal: 098585; Coord: 1.264894, 103.821678",None,http://www.citiworldprivileges.com/sg/search/?ot_page=&country=SG&city=&offer_type=&offer_sub_type=&keyword=,http://www.citiworldprivileges.com/data/images/offer_details/desktop/offer_merc_image_123579.jpg,0,0,2016-05-31 T23:59:59,CITI_123579,212_CITI_123579,The Chop House,0,0,All,"Valid for dine-in only. Not valid on eve of and on Public Holidays. Not valid with other promotions, discount cards and promotional vouchers.",0,0,0,0,Dining,Not available,0,0
212_125129,212,The Fashion Gallery,The Fashion Gallery,SGD50 off with minimum spend of SGD600,SGD50 off with minimum spend of SGD600,0,"Addr: Singapore Changi Airport Terminal 2 Transit Lounge North, #026-091, Singapore Changi Airport: Airport Boulevard; Postal: 819643; Coord: 1.352030, 103.989822",None,http://www.citiworldprivileges.com/sg/search/?ot_page=&country=SG&city=&offer_type=&offer_sub_type=&keyword=,http://www.citiworldprivileges.com/data/images/offer_details/desktop/offer_merc_image_125129.jpg,0,0,2016-04-30 T23:59:59,CITI_125129,212_CITI_125129,The Fashion Gallery,0,0,All,General terms and conditions apply.,0,0,0,0,Shopping,Not available,0,0
212_126027,212,The House of Robert Timms,The House of Robert Timms,15% off total bill with a minimum spend of SGD30,15% off total bill with a minimum spend of SGD30,0,"Addr: 321 Orchard Road, #01-01/01A/02, Orchard Shopping Centre; Postal: 238866; Coord: 1.303420, 103.834770|Addr: 501 Orchard Road, #01-02/03, Wheelock Place; Postal: 238880; Coord: 1.304598, 103.830322|Addr: 3 Temasek Boulevard, #01-361/362 Suntec City Mall; Postal: 038983; Coord: 1.295968, 103.858971",None,http://www.citiworldprivileges.com/sg/search/?ot_page=&country=SG&city=&offer_type=&offer_sub_type=&keyword=,http://www.citiworldprivileges.com/data/images/offer_details/desktop/offer_merc_image_126027.jpg,0,0,2016-06-30 T23:59:59,CITI_126027,212_CITI_126027,The House of Robert Timms,0,0,All,"- Valid for dine-in only.
- Not valid with function packages and purchase of gift vouchers.
- Not valid on eve of and on public holidays.
- Not valid with other promotions, discount cards or retail merchandises unless otherwise stated.",0,0,0,0,Dining,Not available,0,0
212_127815,212,"The Kitchen Table, W Singapore Sentosa Cove","The Kitchen Table, W Singapore Sentosa Cove","15% off for Citi PremierMiles, Prestige and ULTIMA Cards","15% off for Citi PremierMiles, Prestige and ULTIMA Cards",0,"Addr: 21 Ocean Way; Postal: 098374; Coord: 1.248134, 103.841888",None,http://www.citiworldprivileges.com/sg/search/?ot_page=&country=SG&city=&offer_type=&offer_sub_type=&keyword=,http://www.citiworldprivileges.com/data/images/offer_details/desktop/offer_merc_image_127815.jpg,0,0,2015-12-31 T23:59:59,CITI_127815,212_CITI_127815,"The Kitchen Table, W Singapore Sentosa Cove",0,0,All,"Offer valid when payment is made with a Citibank Credit or Debit card.
Not valid with other promotions, discount cards, promotional vouchers and in-house offer discount cards.",0,0,0,0,Dining,Not available,0,0
212_120891,212,"The Knolls, Capella Singapore","The Knolls, Capella Singapore","Citibank ULTIMA Card","Citibank ULTIMA Card",0,"Addr: 1 The Knolls, Sentosa; Postal: 098297; Coord: 1.322938, 103.917336",None,http://www.citiworldprivileges.com/sg/search/?ot_page=&country=SG&city=&offer_type=&offer_sub_type=&keyword=,http://www.citiworldprivileges.com/data/images/offer_details/desktop/offer_merc_image_120891.jpg,0,0,2015-12-31 T23:59:59,CITI_120891,212_CITI_120891,"The Knolls, Capella Singapore",0,0,All,"- Valid for dine-in only. 
- Not applicable for set menus, Sunday Brunch and special events. 
- Not valid on eve of and on Public Holidays, including 15 days of Chinese New Year and blackout dates. 
- General terms and conditions apply.",0,0,0,0,Dining,Not available,0,0
212_126915,212,"The Landing Point, The Fullerton Bay Hotel","The Landing Point, The Fullerton Bay Hotel","Citi PremierMiles, Prestige and ULTIMA Card","Citi PremierMiles, Prestige and ULTIMA Card",0,"Addr: 80 Collyer Quay; Postal: 049326; Coord: 1.283916, 103.853653",None,http://www.citiworldprivileges.com/sg/search/?ot_page=&country=SG&city=&offer_type=&offer_sub_type=&keyword=,http://www.citiworldprivileges.com/data/images/offer_details/desktop/offer_merc_image_126915.jpg,0,0,2016-06-30 T23:59:59,CITI_126915,212_CITI_126915,"The Landing Point, The Fullerton Bay Hotel",0,0,All,"- Valid for a maximum of 8 pax per bill.
- Not valid on eve of and on public holidays as well as special occasions such as Valentine’s Day, Easter weekend, Mother’s Day weekend, Father’s Day weekend, F1 weekend and Thanksgiving Day and may include others determined by the Merchant, unless stated otherwise.
- Prior dining reservations are encouraged and it is subject to availability.
- Not valid with other promotions, discount cards, promotional vouchers and in-house offer discount cards.",0,0,0,0,Dining,Not available,0,0
212_126031,212,The Manhattan FISH MARKET,The Manhattan FISH MARKET,20% off a la carte bill with a minimum spend of SGD55,20% off a la carte bill with a minimum spend of SGD55,0,"Addr: 799 New Upper Changi Road, #03-05-07/40 Bedok Point; Postal: 467351; Coord: 1.324574, 103.932297|Addr: 1 Woodlands Square, #02-34 & KO1 Causeway Point; Postal: 738099; Coord: 1.435855, 103.786224|Addr: 2 Tampines Central 5, #01-37 Century Square; Postal: 529509; Coord: 1.352299, 103.943855|Addr: 5 Changi Business Park Central 1, #01-39/40 Changi City Point; Postal: 486038; Coord: 1.336056, 103.963982|Addr: 180 Kitchener Road, #04-12/13 City Square Mall; Postal: 208549; Coord: 1.311387, 103.856606|Addr: 90 Hougang Ave 10, #04-10/10A Hougang Mall; Postal: 538766; Coord: 1.372629, 103.893936|Addr: 2 Jurong East Central 1, #04-10/21 JCube; Postal: 609731; Coord: 1.333520, 103.740280|Addr: 9 Bishan Place, #01-22/30 Junction 8; Postal: 579837; Coord: 1.353595, 103.848335|Addr: 6 Raffles Boulevard, #02-183 Marina Square; Postal: 039594; Coord: 1.290989, 103.857422|Addr: 930 Yishun Ave 2, #02-06/07 Northpoint; Postal: 769098; Coord: 1.429848, 103.835556|Addr: 68 Orchard Road, #06-07 Plaza Singapura; Postal: 238839; Coord: 1.300614, 103.845108|Addr: 3 Temasek Boulevard, #B1-134 Suntec City Mall; Postal: 039083; Coord: 1.295749, 103.859711|Addr: 1 Vista Exchange Green, #B1-10 The Star Vista; Postal: 138617; Coord: 1.306842, 103.788437|Addr: 1 Stadium Place, #01-09 Kallang Wave; Postal: 397628; Coord: 1.303329, 103.873024",None,http://www.citiworldprivileges.com/sg/search/?ot_page=&country=SG&city=&offer_type=&offer_sub_type=&keyword=,http://www.citiworldprivileges.com/data/images/offer_details/desktop/offer_merc_image_126031.jpg,0,0,2016-03-31 T23:59:59,CITI_126031,212_CITI_126031,The Manhattan FISH MARKET,0,0,All,General terms and conditions apply.,0,0,0,0,Dining,Not available,0,0
212_120157,212,"The Sleeping Rhino, klapsons, The Boutique Hotel","The Sleeping Rhino, klapsons, The Boutique Hotel",30% off total food bill Available at: The Sleeping Rhino,30% off total food bill Available at: The Sleeping Rhino,0,"Addr: 15 Hoe Chaing Road; Postal: 089316; Coord: 1.273791, 103.842171",None,http://www.citiworldprivileges.com/sg/search/?ot_page=&country=SG&city=&offer_type=&offer_sub_type=&keyword=,http://www.citiworldprivileges.com/data/images/offer_details/desktop/,0,0,2015-12-31 T23:59:59,CITI_120157,212_CITI_120157,"The Sleeping Rhino,  klapsons, The Boutique Hotel",0,0,All,"- Valid for dinner only.
- Not valid for alcoholic and non-alcoholic drinks.",0,0,0,0,Dining,Not available,0,0
212_122523,212,"Tien Court, Copthorne King's Hotel Singapore","Tien Court, Copthorne King's Hotel Singapore",15% off food bill,15% off food bill,0,"Addr: 403 Havelock Road; Postal: 169632; Coord: 1.288404, 103.836319",None,http://www.citiworldprivileges.com/sg/search/?ot_page=&country=SG&city=&offer_type=&offer_sub_type=&keyword=,http://www.citiworldprivileges.com/data/images/offer_details/desktop/offer_merc_image_122523.jpg,0,0,2015-12-31 T23:59:59,CITI_122523,212_CITI_122523,"Tien Court, Copthorne King's Hotel Singapore",0,0,All,"- Valid from Monday to Sunday. 
- Not valid for functions, banquets or catering functions. 
- Not valid with other promotions, discount cards, promotional vouchers and in-house offer discount cards.",0,0,0,0,Dining,Not available,0,0
212_120885,212,"Tier Bar, Amara Sanctuary Resort Sentosa","Tier Bar, Amara Sanctuary Resort Sentosa",10% off total bill,10% off total bill,0,"Addr: 1 Larkhill Road, Sentosa Island; Postal: 099394; Coord: 1.253448, 103.818886",None,http://www.citiworldprivileges.com/sg/search/?ot_page=&country=SG&city=&offer_type=&offer_sub_type=&keyword=,http://www.citiworldprivileges.com/data/images/offer_details/desktop/offer_merc_image_120885.jpg,0,0,2015-12-31 T23:59:59,CITI_120885,212_CITI_120885,"Tier Bar, Amara Sanctuary Resort Sentosa",0,0,All,"- Not valid on Eve of and on Public Holidays and on other special occasions including Valentine's Day, Mother's Day, Father's Day, unless otherwise stated. 
- General terms and conditions apply.",0,0,0,0,Dining,Not available,0,0
212_122567,212,"Tiffin Room, Raffles","Tiffin Room, Raffles",15% off total bill (excluding breakfast and High Tea),15% off total bill (excluding breakfast and High Tea),0,"Addr: 1 Beach Road; Postal: 189673; Coord: 1.295791, 103.854042",None,http://www.citiworldprivileges.com/sg/search/?ot_page=&country=SG&city=&offer_type=&offer_sub_type=&keyword=,http://www.citiworldprivileges.com/data/images/offer_details/desktop/offer_merc_image_122567.jpg,0,0,2015-12-31 T23:59:59,CITI_122567,212_CITI_122567,"Tiffin Room, Raffles",0,0,All,"Not valid on Eve of and on Public Holidays and special occasions including Valentine’s Day, Chinese New Year, Mother’s Day, Formula One season, Christmas Day and New Year's Day. Not valid for premium wines and spirits.",0,0,0,0,Dining,Not available,0,0
212_125123,212,Times Travel,Times Travel,10% off regularpriced books,10% off regularpriced books,0,"Addr: Singapore Changi Airport Terminal 1 Transit Lounge East, #02-64, Singapore Changi Airport: Airport Boulevard; Postal: 819642; Coord: 1.356716, 103.986511|Addr: Singapore Changi Airport Terminal 2 Check-In Hall South, #026-038, Singapore Changi Airport: Airport Boulevard; Postal: 819643; Coord: 1.356716, 103.986511|Addr: Singapore Changi Airport Terminal 2 Transit Lounge South, #026-084-03, Singapore Changi Airport: Airport Boulevard; Postal: 819643; Coord: 1.356716, 103.986511|Addr: Singapore Changi Airport Terminal 3 Transit Lounge South, #02-07, Singapore Changi Airport: Airport Boulevard; Postal: 819663; Coord: 1.356716, 103.986511|Addr: Singapore Changi Airport Terminal 3 Check-In Hall North, #02-93, Singapore Changi Airport: Airport Boulevard; Postal: 819663; Coord: 1.356716, 103.986511",None,http://www.citiworldprivileges.com/sg/search/?ot_page=&country=SG&city=&offer_type=&offer_sub_type=&keyword=,http://www.citiworldprivileges.com/data/images/offer_details/desktop/offer_merc_image_125123.jpg,0,0,2015-12-31 T23:59:59,CITI_125123,212_CITI_125123,Times Travel,0,0,All,Offer on selected items only.,0,0,0,0,Shopping,Not available,0,0
212_123607,212,Vineyard,Vineyard,10% off total bill with a min. spend of SGD80,10% off total bill with a min. spend of SGD80,0,"Addr: 33 Hyderabad Road, #02-02 Hort Park; Postal: 119578; Coord: 1.278749, 103.801292",None,http://www.citiworldprivileges.com/sg/search/?ot_page=&country=SG&city=&offer_type=&offer_sub_type=&keyword=,http://www.citiworldprivileges.com/data/images/offer_details/desktop/offer_merc_image_123607.jpg,0,0,2015-12-31 T23:59:59,CITI_123607,212_CITI_123607,Vineyard,0,0,All,"Not valid on eve of and on public holidays and special occasions (Valentine's Day, Mother's Day and Father's Day).",0,0,0,0,Dining,Not available,0,0
212_123571,212,"Wan Hao Chinese Restaurant, Singapore Marriott Tang Plaza Hotel","Wan Hao Chinese Restaurant, Singapore Marriott Tang Plaza Hotel",10% off total bill,10% off total bill,0,"Addr: 320 Orchard Road; Postal: 238865; Coord: 1.305236, 103.832542",None,http://www.citiworldprivileges.com/sg/search/?ot_page=&country=SG&city=&offer_type=&offer_sub_type=&keyword=,http://www.citiworldprivileges.com/data/images/offer_details/desktop/offer_merc_image_123571.jpg,0,0,2016-04-30 T23:59:59,CITI_123571,212_CITI_123571,"Wan Hao Chinese Restaurant, Singapore Marriott Tang Plaza Hotel",0,0,All,"Not valid on eve of and on public holidays, and other special occasions. Not valid with other promotions, discount cards, promotional vouchers and in-house offer discount cards.",0,0,0,0,Dining,Not available,0,0
212_123577,212,Wooloomooloo Steakhouse,Wooloomooloo Steakhouse,"Citibank PremierMiles, Prestige and ULTIMA Cards","Citibank PremierMiles, Prestige and ULTIMA Cards",0,"Addr: 2 Stamford Road, Swissotel The Stamford, Level 3; Postal: 178882; Coord: 1.293196, 103.852814",None,http://www.citiworldprivileges.com/sg/search/?ot_page=&country=SG&city=&offer_type=&offer_sub_type=&keyword=,http://www.citiworldprivileges.com/data/images/offer_details/desktop/offer_merc_image_123577.jpg,0,0,2016-05-31 T23:59:59,CITI_123577,212_CITI_123577,Wooloomooloo Steakhouse,0,0,All,"Valid for dine-in only. Not valid on eve of and on Public Holidays, and special occasions i.e. Valentine’s Day, Mother’s Day, Father’s Day & Formula One Period. Not valid with other promotions, discount cards and promotional vouchers.",0,0,0,0,Dining,Not available,0,0
212_123609,212,Xi Men Ding,Xi Men Ding,10% off total bill with a min. spend of SGD80,10% off total bill with a min. spend of SGD80,0,"Addr: 1 HarbourWalk, #01-51A Vivocity; Postal: 098585; Coord: 1.264613, 103.823013",None,http://www.citiworldprivileges.com/sg/search/?ot_page=&country=SG&city=&offer_type=&offer_sub_type=&keyword=,http://www.citiworldprivileges.com/data/images/offer_details/desktop/offer_merc_image_123609.jpg,0,0,2015-12-31 T23:59:59,CITI_123609,212_CITI_123609,Xi Men Ding,0,0,All,"Not valid on eve of and on public holidays and special occasions (Valentine's Day, Mother's Day and Father's Day).",0,0,0,0,Dining,Not available,0,0
212_122553,212,"Xin Cuisine Chinese Restaurant, Holiday Inn Singapore Atrium","Xin Cuisine Chinese Restaurant, Holiday Inn Singapore Atrium",20% off a la carte menu,20% off a la carte menu,0,"Addr: 317 Outram Road; Postal: 169075; Coord: 1.288886, 103.834290",None,http://www.citiworldprivileges.com/sg/search/?ot_page=&country=SG&city=&offer_type=&offer_sub_type=&keyword=,http://www.citiworldprivileges.com/data/images/offer_details/desktop/offer_merc_image_122553.jpg,0,0,2015-12-31 T23:59:59,CITI_122553,212_CITI_122553,"Xin Cuisine Chinese Restaurant, Holiday Inn Singapore Atrium",0,0,All,General terms and conditions apply.,0,0,0,0,Dining,Not available,0,0
212_107791,212,Zouk Club,Zouk Club,"Dance club that regularly hosts international guest DJs, 'live'...","Dance club that regularly hosts international guest DJs, 'live'...",0,"Addr: 17 Jiak Kim Street; Postal: 169420; Coord: 1.291245, 103.835403",None,http://www.citiworldprivileges.com/sg/search/?ot_page=&country=SG&city=&offer_type=&offer_sub_type=&keyword=,http://www.citiworldprivileges.com/data/images/offer_details/desktop/,0,0,2015-12-31 T23:59:59,CITI_107791,212_CITI_107791,Zouk Club,0,0,All,"*Wednesday: Zouk and Phuture. Friday: Zouk, Phuture, Velvet Underground Dance. Saturday: Zouk, Phuture, Velvet Underground Dance.",0,0,0,0,Dining,Not available,0,0
212_107795,212,Zouk Wine Bar,Zouk Wine Bar,Zouk's pre club and chill out bar is contemporary by design and...,Zouk's pre club and chill out bar is contemporary by design and...,0,"Addr: 17 Jiak Kim Street; Postal: 169420; Coord: 1.291245, 103.835403",None,http://www.citiworldprivileges.com/sg/search/?ot_page=&country=SG&city=&offer_type=&offer_sub_type=&keyword=,http://www.citiworldprivileges.com/data/images/offer_details/desktop/,0,0,2015-12-31 T23:59:59,CITI_107795,212_CITI_107795,Zouk Wine Bar,0,0,All,General terms & conditions apply.,0,0,0,0,Dining,Not available,0,0
